年月日,時刻コード,回避可能原価全国値(円/kWh),回避可能原価北海道(円/kWh),回避可能原価東北(円/kWh),回避可能原価東京(円/kWh),回避可能原価中部(円/kWh),回避可能原価北陸(円/kWh),回避可能原価関西(円/kWh),回避可能原価中国(円/kWh),回避可能原価四国(円/kWh),回避可能原価九州(円/kWh),FIP参照価格(卸電力取引市場分)全国値(円/kWh),FIP参照価格(卸電力取引市場分)北海道(円/kWh),FIP参照価格(卸電力取引市場分)東北(円/kWh),FIP参照価格(卸電力取引市場分)東京(円/kWh),FIP参照価格(卸電力取引市場分)中部(円/kWh),FIP参照価格(卸電力取引市場分)北陸(円/kWh),FIP参照価格(卸電力取引市場分)関西(円/kWh),FIP参照価格(卸電力取引市場分)中国(円/kWh),FIP参照価格(卸電力取引市場分)四国(円/kWh),FIP参照価格(卸電力取引市場分)九州(円/kWh)
2026/04/01,1,17.73,17.73,20.12,20.15,20.60,9.47,9.47,9.46,9.47,8.78,17.73,17.73,20.15,20.15,20.54,9.47,9.46,9.47,9.47,8.78
2026/04/01,2,14.87,17.46,19.44,19.45,20.55,8.58,8.58,8.57,8.58,8.58,14.87,17.45,19.45,19.45,20.51,8.58,8.57,8.58,8.58,8.58
2026/04/01,3,12.78,16.51,14.83,14.91,14.83,14.81,14.77,14.62,14.80,8.78,12.78,16.54,14.90,14.86,14.91,14.82,14.79,14.83,14.62,8.78
2026/04/01,4,13.31,15.45,15.47,15.52,15.45,15.43,15.38,15.25,15.42,8.78,13.31,15.46,15.48,15.47,15.49,15.17,15.48,15.45,15.38,8.78
2026/04/01,5,14.87,16.03,16.07,16.09,16.07,16.06,15.99,15.97,16.04,9.03,14.87,16.08,16.08,16.08,16.02,16.02,16.07,16.07,15.91,9.03
2026/04/01,6,16.97,17.55,17.94,17.91,17.93,16.21,16.09,15.97,16.19,9.03,16.97,17.75,17.87,17.93,17.88,15.77,16.22,16.22,15.97,9.03
2026/04/01,7,17.87,19.41,19.36,19.41,19.92,16.21,16.03,16.10,16.19,9.03,17.87,19.49,19.44,19.45,19.59,16.09,16.22,16.22,15.75,9.03
2026/04/01,8,18.91,19.69,19.71,19.67,20.13,17.94,17.82,17.77,17.53,10.85,18.91,19.73,19.68,19.72,19.74,17.78,17.95,17.95,17.59,10.88
2026/04/01,9,19.56,18.97,19.70,19.70,20.24,17.93,17.78,17.71,17.81,10.90,19.56,19.73,19.70,19.72,19.93,17.59,17.95,17.95,17.53,10.90
2026/04/01,10,19.62,19.33,19.90,19.88,20.23,18.06,17.94,17.86,17.92,10.90,19.62,19.93,19.90,19.91,19.94,17.61,18.08,18.08,17.76,10.90
2026/04/01,11,19.95,20.11,20.47,20.50,20.51,17.46,17.24,17.39,17.35,10.90,19.95,20.52,20.52,20.53,20.18,17.13,17.47,17.47,17.07,10.90
2026/04/01,12,20.15,20.64,20.73,20.77,20.72,16.06,15.83,15.96,15.86,9.03,20.15,20.80,20.79,20.79,20.52,15.71,16.07,16.07,15.51,9.03
2026/04/01,13,19.83,20.09,20.56,20.62,20.60,15.41,15.27,15.36,15.30,10.88,19.83,20.64,20.63,20.63,20.34,15.42,15.42,15.42,14.98,10.89
2026/04/01,14,19.70,19.61,19.87,20.30,20.29,16.06,15.99,16.02,16.06,10.90,19.70,20.00,19.99,20.32,20.02,16.07,16.07,16.07,15.86,10.90
2026/04/01,15,18.90,16.27,16.50,19.55,19.57,18.07,17.86,18.00,17.95,10.90,18.90,16.53,16.51,19.59,19.09,18.07,18.08,18.08,17.93,10.90
2026/04/01,16,18.36,11.98,12.02,19.50,19.57,18.00,17.83,17.93,17.89,10.88,18.36,12.00,12.01,19.57,19.12,18.00,18.00,18.00,17.86,10.89
2026/04/01,17,21.57,16.26,16.28,25.00,24.92,20.05,19.77,19.94,15.00,10.90,21.57,16.26,16.30,24.83,24.43,20.05,20.08,20.06,15.00,10.90
2026/04/01,18,23.66,11.99,12.01,32.10,32.02,20.91,20.65,20.86,17.46,17.64,23.66,11.99,12.01,31.85,31.16,20.98,20.99,21.01,17.50,17.65
2026/04/01,19,19.96,9.99,10.00,22.35,22.44,16.86,16.64,16.71,16.80,16.82,19.96,10.00,10.00,22.40,21.66,16.87,16.87,16.87,16.75,16.76
2026/04/01,20,20.32,10.00,10.01,22.67,22.82,20.26,19.82,20.18,19.89,20.23,20.32,10.00,10.01,22.73,22.14,20.21,20.28,20.27,19.83,20.12
2026/04/01,21,20.82,8.01,8.02,24.71,24.80,24.64,24.28,24.45,24.48,19.64,20.82,8.02,8.02,24.67,24.21,24.49,24.99,24.98,24.29,19.65
2026/04/01,22,20.89,8.01,8.02,24.78,24.66,24.66,24.66,24.52,24.36,19.64,20.89,8.02,8.01,24.73,24.30,24.65,24.99,24.98,24.30,19.65
2026/04/01,23,21.30,8.01,8.01,30.77,30.80,30.63,25.09,24.92,24.86,18.58,21.30,8.00,8.01,30.69,30.26,29.37,25.45,25.44,24.90,18.59
2026/04/01,24,21.49,7.83,7.81,31.89,34.55,34.32,24.91,24.73,24.71,11.99,21.49,7.82,7.82,31.85,34.04,34.27,25.01,25.00,24.64,11.99
2026/04/01,25,20.55,8.01,7.99,29.73,29.49,29.39,21.89,21.82,21.67,8.78,20.55,8.00,8.00,29.57,29.09,29.47,22.00,22.00,21.92,8.78
2026/04/01,26,20.90,9.12,10.01,30.87,30.67,30.70,20.82,20.84,20.67,8.78,20.90,9.12,10.01,30.75,30.01,29.66,21.03,21.04,20.99,8.78
2026/04/01,27,25.23,11.64,11.70,44.09,44.06,43.52,25.41,25.19,25.19,11.74,25.23,11.65,11.70,44.02,43.65,41.68,25.50,25.45,25.30,11.75
2026/04/01,28,26.23,16.31,16.29,43.81,43.54,43.25,18.04,18.02,18.05,11.99,26.23,16.25,16.32,43.73,43.42,42.23,18.08,18.33,17.94,11.99
2026/04/01,29,31.38,17.59,17.56,42.89,42.62,42.09,20.24,20.25,20.17,11.99,31.38,17.52,17.60,42.79,42.58,41.10,20.27,20.45,20.20,12.00
2026/04/01,30,31.96,19.96,19.95,41.80,41.60,41.15,34.29,21.03,8.00,12.60,31.96,19.89,19.99,41.65,41.54,39.14,34.43,21.01,8.00,12.60
2026/04/01,31,31.66,26.49,26.48,42.46,42.16,41.37,34.24,21.02,7.99,17.60,31.66,26.59,26.62,42.31,42.11,37.33,34.40,21.03,8.00,17.63
2026/04/01,32,29.70,29.63,29.66,31.69,31.63,31.36,23.92,23.59,11.95,19.93,29.70,30.00,29.95,31.62,31.60,28.10,23.96,24.01,11.98,19.96
2026/04/01,33,30.57,17.18,17.22,32.40,32.29,31.87,20.90,20.82,8.00,19.89,30.57,17.18,17.23,32.52,32.05,29.42,20.98,21.19,8.00,19.94
2026/04/01,34,32.16,18.47,18.49,35.74,35.21,35.22,20.97,20.82,9.98,19.94,32.16,18.48,18.49,35.75,35.18,33.14,20.96,21.33,9.99,19.97
2026/04/01,35,29.85,22.00,21.99,31.89,31.89,20.05,20.05,19.98,7.99,19.94,29.85,22.00,22.00,31.96,31.73,19.89,20.03,20.28,8.00,19.97
2026/04/01,36,34.40,29.82,29.93,42.16,42.04,20.37,20.35,20.23,7.99,20.30,34.40,29.82,29.98,42.13,41.85,20.23,20.31,20.99,8.00,20.34
2026/04/01,37,34.40,32.62,32.68,39.37,39.34,21.49,21.44,21.43,7.94,21.46,34.40,32.55,32.77,39.30,39.19,21.50,21.45,21.54,7.94,21.40
2026/04/01,38,34.44,38.19,38.31,38.35,38.35,24.49,24.45,24.44,7.93,22.81,34.44,37.44,38.52,38.32,38.23,24.50,24.46,24.45,7.93,22.88
2026/04/01,39,34.37,31.62,31.67,31.75,31.73,24.49,24.45,24.41,18.45,23.77,34.37,31.29,31.78,31.78,31.61,24.50,24.46,24.38,18.51,23.88
2026/04/01,40,31.43,30.92,30.97,31.00,24.98,21.00,20.99,20.99,14.93,20.94,31.43,30.84,31.01,30.99,24.95,21.00,20.96,21.05,14.98,20.97
2026/04/01,41,24.45,23.58,23.55,23.59,23.59,20.28,20.27,20.30,20.08,20.26,24.45,23.54,23.61,23.60,23.52,20.27,20.26,20.34,20.21,20.27
2026/04/01,42,24.43,24.27,24.19,24.29,24.28,20.06,20.06,20.07,14.90,20.01,24.43,24.27,24.31,24.30,24.15,20.06,20.04,20.11,14.97,20.03
2026/04/01,43,22.27,23.50,23.41,23.50,23.45,18.43,18.22,18.30,18.22,18.42,22.27,23.46,23.54,23.53,23.19,18.20,18.41,18.47,18.18,18.28
2026/04/01,44,21.39,22.17,22.11,22.15,22.15,18.66,18.55,18.39,18.53,18.64,21.39,22.15,22.18,22.16,22.04,18.19,18.65,18.66,18.53,18.57
2026/04/01,45,20.86,21.44,21.45,21.48,21.44,18.59,18.52,18.43,18.44,18.55,20.86,21.44,21.50,21.49,21.34,18.30,18.59,18.58,18.48,18.52
2026/04/01,46,20.16,17.76,17.76,21.22,21.22,16.22,16.13,16.14,16.19,16.20,20.16,17.75,17.77,21.29,21.00,15.87,16.21,16.21,16.17,16.18
2026/04/01,47,20.43,20.72,20.96,21.26,21.24,17.14,17.11,17.08,17.15,12.00,20.43,20.83,21.00,21.31,21.02,16.93,17.15,17.15,17.11,12.00
2026/04/01,48,20.18,20.56,20.90,20.89,20.87,14.91,14.85,14.87,14.89,10.90,20.18,20.73,20.94,20.94,20.64,14.68,14.90,14.90,14.88,10.90
2026/04/02,1,18.37,17.28,21.38,21.43,21.99,11.28,11.27,11.27,11.27,11.09,18.37,17.32,21.47,21.46,21.69,11.23,11.28,11.28,11.28,11.27
2026/04/02,2,16.51,18.22,19.92,19.88,23.99,10.20,10.20,10.20,10.20,10.20,16.51,18.36,19.92,19.92,23.67,10.20,10.20,10.20,10.20,10.20
2026/04/02,3,16.03,19.64,19.68,19.67,38.76,9.74,9.74,9.73,9.73,9.74,16.03,19.66,19.67,19.68,38.43,9.74,9.74,9.74,9.74,9.74
2026/04/02,4,16.13,19.56,19.57,19.56,40.50,11.01,11.00,11.00,11.01,10.99,16.13,19.55,19.56,19.57,40.21,11.01,11.01,10.99,11.01,10.99
2026/04/02,5,16.52,17.81,17.93,17.94,40.64,12.00,11.98,11.98,11.95,11.95,16.52,17.93,17.95,17.92,40.45,11.99,12.00,11.94,12.00,11.96
2026/04/02,6,18.98,19.13,19.14,19.14,42.06,15.45,15.41,15.30,15.16,15.42,18.98,19.14,19.13,19.14,41.99,15.10,15.45,15.45,15.39,15.38
2026/04/02,7,19.73,19.71,19.71,19.71,39.80,15.60,15.57,15.53,15.45,15.58,19.73,19.71,19.71,19.71,39.77,15.46,15.60,15.60,15.54,15.56
2026/04/02,8,19.62,19.61,19.61,19.60,41.44,14.91,14.83,14.88,14.80,14.90,19.62,19.60,19.61,19.60,41.42,14.54,14.91,14.91,14.85,14.88
2026/04/02,9,20.10,20.25,20.24,20.25,40.29,16.07,16.06,16.07,7.95,16.06,20.10,20.25,20.25,20.24,40.26,16.00,16.07,16.07,7.95,16.07
2026/04/02,10,19.94,20.25,20.24,20.25,39.76,16.19,16.17,16.18,7.82,16.21,19.94,20.24,20.25,20.24,39.57,15.88,16.22,16.22,7.82,16.22
2026/04/02,11,20.37,21.98,21.97,21.99,39.68,16.32,16.33,16.35,7.83,16.34,20.37,21.96,21.99,21.98,39.57,16.21,16.35,16.35,7.83,16.35
2026/04/02,12,20.61,22.38,22.37,22.38,39.80,15.60,15.60,15.60,7.80,15.59,20.61,22.36,22.38,22.38,39.74,15.58,15.60,15.60,7.80,15.60
2026/04/02,13,20.46,22.49,22.44,23.15,25.89,14.91,14.82,14.88,14.90,14.83,20.46,22.49,22.50,23.25,25.27,14.52,14.91,14.91,14.89,14.85
2026/04/02,14,20.68,25.71,25.68,25.66,25.69,14.91,14.82,14.88,14.90,14.84,20.68,25.78,25.80,25.80,25.16,14.62,14.91,14.91,14.87,14.84
2026/04/02,15,20.97,31.62,31.67,31.81,31.78,10.01,10.01,10.02,10.01,10.01,20.97,31.86,31.97,31.94,31.11,10.01,10.01,10.01,10.02,10.01
2026/04/02,16,19.87,24.96,24.94,31.83,31.79,8.64,8.64,8.78,7.89,8.64,19.87,24.91,25.00,31.95,31.26,8.66,8.65,8.65,7.88,8.70
2026/04/02,17,20.32,23.64,23.60,49.85,39.28,9.84,8.57,8.57,7.73,8.57,20.32,23.49,23.64,49.80,39.14,9.88,8.73,8.93,7.74,8.58
2026/04/02,18,19.28,24.96,24.99,31.96,25.71,9.93,8.58,8.57,6.89,8.58,19.28,24.89,25.01,31.94,25.78,9.93,8.60,8.72,6.88,8.58
2026/04/02,19,17.93,23.43,23.41,23.45,20.81,14.91,14.88,12.93,2.90,8.39,17.93,23.33,23.44,23.45,20.66,14.82,14.92,12.94,2.90,8.39
2026/04/02,20,16.26,23.16,23.10,23.14,20.29,14.00,13.95,12.66,2.00,1.00,16.26,23.04,23.14,23.14,20.04,13.98,14.01,12.66,2.00,1.00
2026/04/02,21,13.50,20.89,20.91,22.38,12.44,9.84,7.61,7.63,0.02,0.01,13.50,20.91,20.92,22.38,12.30,9.84,7.63,7.64,0.02,0.01
2026/04/02,22,9.13,22.34,22.34,22.36,6.63,6.63,6.60,6.61,0.02,0.01,9.13,22.36,22.35,22.35,6.58,6.63,6.63,6.63,0.01,0.01
2026/04/02,23,8.61,20.93,20.94,21.99,3.00,3.00,3.00,3.10,0.01,0.01,8.61,20.96,20.96,21.98,3.04,3.01,3.01,3.00,0.01,0.01
2026/04/02,24,9.29,19.94,20.05,45.46,2.76,2.76,2.84,2.80,0.01,0.01,9.29,20.09,20.05,45.39,2.82,2.82,2.79,2.79,0.01,0.01
2026/04/02,25,8.02,17.42,17.73,24.59,1.87,1.87,1.95,2.09,0.01,0.01,8.02,17.76,17.70,24.58,2.00,1.93,1.91,1.95,0.01,0.01
2026/04/02,26,7.00,15.96,16.25,22.65,2.93,2.93,2.96,3.02,0.01,0.01,7.00,16.27,16.22,22.63,2.98,2.97,2.95,2.94,0.01,0.01
2026/04/02,27,8.85,19.48,19.98,22.88,12.62,12.68,12.68,11.95,0.01,0.01,8.85,20.00,19.92,22.87,12.38,12.68,12.61,12.53,0.01,0.01
2026/04/02,28,9.79,21.19,21.41,22.58,12.61,12.67,12.61,11.88,0.02,0.01,9.79,21.43,21.40,22.57,12.30,12.68,12.66,12.39,0.02,0.01
2026/04/02,29,8.64,22.34,22.37,22.37,9.72,9.76,9.76,7.14,0.99,0.01,8.64,22.33,22.34,22.39,9.24,9.77,9.77,7.75,1.00,0.01
2026/04/02,30,9.84,22.35,22.36,22.36,12.87,12.99,12.90,7.94,2.88,0.01,9.84,22.32,22.33,22.38,12.23,13.00,13.00,8.57,2.90,0.01
2026/04/02,31,10.08,20.52,20.49,21.80,20.12,15.44,15.32,4.83,4.85,0.01,10.08,20.54,20.52,21.79,19.62,15.40,15.44,4.85,4.86,0.01
2026/04/02,32,15.54,22.24,22.19,22.21,20.73,15.59,15.51,3.02,2.90,2.49,15.54,22.17,22.19,22.22,20.08,15.56,15.64,2.93,2.90,2.50
2026/04/02,33,17.82,23.20,23.14,23.20,20.68,14.91,14.86,8.52,8.36,8.39,17.82,23.11,23.16,23.20,20.02,14.85,14.92,8.56,8.39,8.41
2026/04/02,34,20.04,29.73,29.72,29.77,29.38,14.91,14.91,14.84,14.90,8.78,20.04,29.76,29.79,29.85,28.89,14.89,14.91,15.24,14.90,8.78
2026/04/02,35,20.04,24.28,23.98,24.22,24.27,14.92,14.91,9.03,9.03,9.03,20.04,24.23,24.31,24.33,23.65,14.96,15.01,9.03,9.03,9.03
2026/04/02,36,19.66,22.98,22.86,22.92,22.96,16.22,16.12,16.16,16.20,16.20,19.66,22.61,22.98,22.98,22.82,16.22,16.22,16.20,16.13,16.15
2026/04/02,37,21.57,23.44,23.38,23.42,23.44,18.44,18.36,18.38,18.43,18.42,21.57,23.24,23.45,23.47,23.28,18.43,18.42,18.41,18.35,18.37
2026/04/02,38,21.74,23.46,23.34,23.40,23.45,18.60,18.53,18.49,18.39,18.58,21.74,23.26,23.46,23.44,23.24,18.60,18.60,18.59,18.55,18.44
2026/04/02,39,22.23,25.96,26.02,26.05,26.03,18.08,17.99,18.00,17.98,18.07,22.23,26.08,26.10,26.06,25.84,18.06,18.07,18.07,17.95,17.98
2026/04/02,40,22.23,24.96,24.95,25.00,24.94,18.43,18.41,18.35,7.98,18.42,22.23,25.06,25.05,24.97,24.84,18.37,18.44,18.43,7.98,18.34
2026/04/02,41,22.05,24.14,24.13,24.17,24.10,17.93,17.81,17.79,7.75,17.90,22.05,24.31,24.20,24.15,23.92,17.78,17.94,17.95,7.74,17.66
2026/04/02,42,22.19,23.56,23.51,23.60,23.55,19.65,19.52,19.46,7.73,19.60,22.19,23.63,23.65,23.58,23.35,19.57,19.65,19.64,7.73,19.34
2026/04/02,43,22.44,25.76,25.68,29.81,29.81,18.98,18.90,18.76,7.91,18.95,22.44,25.78,25.80,29.90,29.13,18.69,18.99,19.00,7.92,18.79
2026/04/02,44,22.83,22.99,22.97,40.34,40.37,19.28,19.22,19.12,18.67,19.23,22.83,22.98,22.98,40.37,39.42,18.94,19.28,19.28,19.23,19.08
2026/04/02,45,22.41,21.49,21.49,39.30,39.51,18.43,18.37,18.18,17.61,18.42,22.41,21.47,21.50,39.54,38.27,17.55,18.43,18.31,18.36,18.43
2026/04/02,46,22.01,19.50,19.51,40.08,40.18,17.92,17.85,17.72,17.06,17.92,22.01,19.50,19.52,40.20,39.17,16.93,17.94,17.85,17.85,17.95
2026/04/02,47,21.95,29.80,29.71,29.73,29.84,18.59,18.56,18.28,17.64,18.56,21.95,29.96,29.96,29.89,29.05,17.43,18.59,18.59,18.55,18.60
2026/04/02,48,20.21,24.16,24.13,24.02,24.11,16.34,16.26,16.27,15.76,16.33,20.21,24.14,24.17,24.12,23.73,16.04,16.34,16.35,16.10,16.34
2026/04/03,1,20.06,23.28,23.36,23.36,23.32,15.57,15.57,15.44,6.89,15.51,20.06,23.30,23.44,23.39,23.10,15.19,15.60,15.63,6.92,15.57
2026/04/03,2,19.08,22.25,22.24,22.27,22.43,12.00,11.98,11.99,6.92,11.99,19.08,22.31,22.30,22.27,22.27,11.88,12.00,12.00,6.93,12.01
2026/04/03,3,13.06,15.00,15.00,15.02,22.25,10.50,10.50,10.48,6.51,10.50,13.06,15.04,15.02,15.01,21.99,10.49,10.49,10.50,6.51,10.50
2026/04/03,4,18.50,21.84,21.83,21.87,22.33,11.50,11.49,11.47,6.93,11.48,18.50,21.90,21.91,21.85,22.22,11.43,11.48,11.51,6.93,11.51
2026/04/03,5,19.47,22.84,22.82,22.88,22.79,12.00,12.01,12.00,6.95,11.99,19.47,22.89,22.92,22.84,22.70,11.93,12.00,12.04,6.95,12.01
2026/04/03,6,20.02,23.55,23.52,23.53,23.51,16.12,16.10,16.07,6.95,16.13,20.02,23.49,23.57,23.56,23.37,15.95,16.14,16.18,6.95,16.07
2026/04/03,7,20.53,23.99,23.96,23.95,23.91,17.99,17.99,17.95,6.95,17.96,20.53,23.93,24.00,23.99,23.74,17.84,17.99,18.02,6.95,18.00
2026/04/03,8,20.67,24.45,24.37,24.39,24.37,18.42,18.41,18.38,6.95,18.40,20.67,24.36,24.46,24.44,24.13,18.14,18.44,18.47,6.95,18.44
2026/04/03,9,21.04,30.81,30.77,30.90,30.87,18.00,18.00,18.00,6.95,17.98,21.04,30.94,31.03,30.92,30.48,17.93,18.00,18.01,6.95,18.00
2026/04/03,10,21.07,31.51,31.51,31.65,31.63,18.42,18.43,18.40,6.95,18.41,21.07,31.70,31.79,31.68,31.21,18.29,18.44,18.45,6.95,18.44
2026/04/03,11,22.96,38.09,38.32,38.53,38.32,18.59,18.60,18.55,6.95,18.57,22.96,38.19,38.70,38.37,38.10,18.43,18.61,18.61,6.95,18.61
2026/04/03,12,23.48,29.85,37.72,37.96,37.59,18.06,18.07,18.04,6.94,18.04,23.48,29.70,38.12,37.66,37.77,17.93,18.08,18.08,6.94,18.08
2026/04/03,13,23.38,36.13,36.31,36.56,36.45,17.76,17.76,17.70,6.94,17.75,23.38,35.75,36.65,36.53,36.22,17.65,17.76,17.76,6.94,17.76
2026/04/03,14,20.47,19.90,19.88,24.37,24.33,16.00,16.00,16.00,6.95,15.84,20.47,19.84,19.90,24.40,24.19,15.99,16.00,16.00,6.95,15.93
2026/04/03,15,17.73,17.72,18.48,20.63,20.62,9.41,9.41,9.47,3.01,9.41,17.73,17.70,18.51,20.66,20.46,9.41,9.41,9.42,3.01,9.43
2026/04/03,16,9.21,14.96,13.78,17.87,20.13,8.58,8.58,8.72,0.02,8.61,9.21,14.95,13.78,17.91,19.76,8.61,8.58,8.59,0.02,8.64
2026/04/03,17,8.84,9.12,9.12,14.47,20.00,8.58,8.58,8.30,0.04,8.58,8.84,9.12,9.12,14.56,19.30,8.58,8.56,8.46,0.04,8.55
2026/04/03,18,7.91,7.01,7.01,12.41,12.37,8.39,8.39,8.35,0.01,8.39,7.91,7.02,7.01,12.46,12.18,8.39,8.39,8.39,0.01,8.38
2026/04/03,19,5.08,3.00,3.00,9.54,9.57,9.57,9.56,8.33,0.01,8.38,5.08,3.00,3.00,9.57,9.43,9.57,9.58,8.40,0.01,8.39
2026/04/03,20,5.57,2.06,2.05,14.55,13.72,14.00,13.65,1.52,0.01,1.01,5.57,2.06,2.05,14.54,13.30,13.52,13.95,1.19,0.01,1.10
2026/04/03,21,1.64,0.09,0.04,14.54,11.58,11.86,11.67,0.07,0.01,0.01,1.64,0.06,0.05,14.53,11.22,11.77,11.90,0.02,0.01,0.03
2026/04/03,22,1.13,0.05,0.01,11.08,9.68,9.88,9.74,0.03,0.01,0.01,1.13,0.03,0.02,11.08,9.44,9.90,9.88,0.01,0.01,0.01
2026/04/03,23,0.17,0.05,0.01,7.39,4.86,4.98,4.91,0.01,0.01,0.01,0.17,0.03,0.02,7.38,4.73,5.00,5.00,0.01,0.01,0.01
2026/04/03,24,0.07,0.04,0.01,3.00,2.97,3.00,2.94,1.00,0.01,0.01,0.07,0.01,0.02,3.00,2.86,3.00,3.00,1.03,0.01,0.01
2026/04/03,25,0.04,0.04,0.01,2.48,2.46,2.48,2.52,0.04,0.01,0.01,0.04,0.01,0.02,2.50,2.40,2.53,2.51,0.04,0.01,0.01
2026/04/03,26,0.04,0.04,0.01,2.98,2.88,2.98,2.99,0.01,0.01,0.01,0.04,0.01,0.02,2.98,2.86,3.00,3.00,0.01,0.01,0.01
2026/04/03,27,1.15,0.05,0.01,11.80,11.83,11.85,11.82,1.02,0.01,0.01,1.15,0.01,0.02,11.85,11.65,11.85,11.83,1.02,0.01,0.01
2026/04/03,28,2.13,0.11,0.01,11.02,11.07,11.08,11.07,3.16,0.01,0.01,2.13,0.04,0.03,11.09,10.86,11.00,11.08,3.16,0.01,0.01
2026/04/03,29,1.13,1.08,0.99,3.56,8.63,8.68,8.63,8.47,0.01,0.01,1.13,1.03,1.01,3.53,8.26,8.67,8.65,8.65,0.01,0.01
2026/04/03,30,2.95,1.06,0.97,9.84,9.88,9.90,9.88,9.19,0.01,0.50,2.95,1.05,0.99,9.88,9.71,9.90,9.89,9.20,0.01,0.50
2026/04/03,31,4.44,2.92,2.91,14.46,14.47,9.34,9.29,4.37,0.01,4.37,4.44,3.04,2.95,14.52,13.95,9.35,9.34,4.38,0.01,4.37
2026/04/03,32,10.22,4.91,4.90,19.40,19.42,16.06,15.99,8.22,0.01,8.37,10.22,4.99,4.93,19.44,19.23,16.01,15.98,8.28,0.01,8.39
2026/04/03,33,13.06,14.99,15.00,20.47,20.43,16.07,16.00,8.73,0.01,8.58,13.06,14.98,15.00,20.48,19.79,16.07,16.07,8.59,0.01,8.65
2026/04/03,34,17.88,17.54,21.65,21.64,21.74,16.22,16.22,8.88,0.02,8.78,17.88,17.65,21.72,21.73,21.24,16.22,16.22,8.78,0.02,8.82
2026/04/03,35,19.66,21.46,21.42,21.42,22.35,17.10,17.10,17.10,2.90,14.76,19.66,21.41,21.48,21.50,21.99,17.09,17.10,17.09,2.90,14.81
2026/04/03,36,21.57,30.79,30.78,31.06,31.06,20.06,20.06,20.05,6.94,17.39,21.57,30.15,31.13,31.16,30.60,20.04,20.06,20.08,6.93,17.53
2026/04/03,37,23.33,24.27,30.86,30.92,30.92,21.02,21.01,21.01,6.00,19.13,23.33,24.50,31.02,31.00,30.66,21.00,21.02,21.02,6.00,19.41
2026/04/03,38,22.13,23.93,24.26,24.26,24.26,24.24,24.26,24.21,6.93,18.24,22.13,24.27,24.27,24.26,24.15,24.26,24.27,24.26,6.93,18.43
2026/04/03,39,30.34,46.98,49.04,49.85,40.53,21.03,21.02,21.04,6.94,18.24,30.34,47.11,49.42,49.81,40.56,21.02,21.03,21.03,6.93,18.43
2026/04/03,40,27.27,42.18,44.63,49.87,37.70,20.30,20.30,20.30,6.94,17.41,27.27,42.84,44.97,49.79,37.75,20.31,20.29,20.30,6.93,17.54
2026/04/03,41,23.98,47.16,49.36,49.82,41.25,15.60,15.59,15.58,6.93,15.47,23.98,47.15,49.93,49.65,41.30,15.64,15.60,15.59,6.93,15.49
2026/04/03,42,24.30,40.19,41.53,41.96,39.66,16.07,15.96,15.99,6.95,15.89,24.30,39.56,42.00,41.88,39.73,16.10,16.05,16.07,6.95,15.74
2026/04/03,43,22.29,35.57,36.02,36.28,36.21,15.60,15.51,15.55,6.95,15.47,22.29,35.23,36.30,36.28,36.13,15.54,15.58,15.61,6.95,15.35
2026/04/03,44,19.59,20.51,20.47,20.50,29.79,16.07,15.97,16.14,6.95,15.90,19.59,20.49,20.51,20.51,28.86,15.86,16.04,16.07,6.95,15.85
2026/04/03,45,19.60,20.51,20.50,20.51,22.67,17.66,17.53,17.58,6.93,17.41,19.60,20.49,20.52,20.51,22.63,17.55,17.66,17.66,6.93,17.29
2026/04/03,46,19.43,20.01,19.98,20.11,21.56,17.63,17.53,17.52,6.93,17.42,19.43,20.00,20.11,20.06,21.51,17.65,17.66,17.66,6.93,17.25
2026/04/03,47,20.52,24.68,24.80,24.87,24.84,17.66,17.49,17.54,6.93,17.42,20.52,24.80,24.90,24.88,24.72,17.41,17.66,17.66,6.93,17.28
2026/04/03,48,20.18,24.16,24.26,24.28,24.25,14.86,14.80,14.83,6.93,14.85,20.18,24.22,24.28,24.28,24.21,14.72,14.86,14.86,6.93,14.80
2026/04/04,1,17.84,19.47,20.93,20.94,20.89,12.00,11.96,12.00,6.77,12.00,17.84,19.76,20.94,20.94,20.85,12.00,11.97,12.00,6.83,11.96
2026/04/04,2,17.32,20.98,21.36,21.39,21.98,10.90,10.87,10.90,6.66,10.90,17.32,21.28,21.40,21.37,21.95,10.90,10.87,10.90,6.80,10.87
2026/04/04,3,16.99,19.59,20.17,20.20,23.47,9.03,9.02,9.03,6.75,9.03,16.99,19.97,20.20,20.20,23.38,9.03,9.02,9.03,6.83,9.02
2026/04/04,4,17.12,18.45,18.48,19.89,22.17,9.08,9.07,9.08,6.86,9.08,17.12,18.44,18.52,19.90,22.10,9.08,9.07,9.08,6.86,9.07
2026/04/04,5,17.14,19.62,19.96,20.00,23.47,10.90,10.87,10.89,6.86,10.90,17.14,19.92,20.00,19.99,23.36,10.90,10.87,10.90,6.86,10.87
2026/04/04,6,17.89,19.92,19.99,20.02,23.77,12.30,12.30,12.30,6.91,12.30,17.89,19.93,20.02,20.02,23.74,12.29,12.30,12.30,6.91,12.30
2026/04/04,7,18.07,19.91,19.92,20.00,24.99,14.57,14.56,14.57,6.86,14.56,18.07,19.86,20.00,20.00,24.96,14.53,14.57,14.57,6.86,14.56
2026/04/04,8,18.47,19.52,19.65,20.00,29.95,15.15,15.10,15.15,6.86,15.14,18.47,19.54,19.71,20.00,29.85,15.01,15.15,15.15,6.86,15.11
2026/04/04,9,18.70,19.63,19.65,20.15,32.82,15.56,15.55,15.56,6.86,15.55,18.70,19.58,19.71,20.15,32.71,15.53,15.56,15.56,6.86,15.54
2026/04/04,10,18.71,19.61,19.57,20.58,28.87,15.29,15.27,15.18,6.86,15.28,18.71,19.58,19.70,20.57,28.72,15.13,15.29,15.29,6.86,15.25
2026/04/04,11,18.76,19.60,19.66,20.56,28.87,15.15,15.00,15.15,6.86,15.14,18.76,19.69,19.92,20.56,28.53,15.02,15.06,15.15,6.86,15.04
2026/04/04,12,18.20,19.20,19.78,20.00,22.17,10.90,10.88,10.90,6.86,10.90,18.20,19.68,19.91,20.01,21.96,10.90,10.88,10.90,6.86,10.88
2026/04/04,13,17.10,16.55,16.86,19.28,20.41,10.90,10.87,10.90,6.86,10.90,17.10,16.67,16.88,19.31,20.20,10.89,10.88,10.90,6.86,10.88
2026/04/04,14,15.05,15.00,15.11,17.92,19.90,9.30,9.30,9.30,6.86,9.30,15.05,15.02,15.12,17.93,19.77,9.30,9.30,9.30,6.86,9.30
2026/04/04,15,16.57,10.46,10.46,19.95,19.95,9.30,9.30,9.30,6.86,9.30,16.57,10.46,10.46,19.98,19.84,9.30,9.30,9.30,6.86,9.30
2026/04/04,16,14.64,5.00,5.01,19.00,18.99,9.30,9.30,9.30,6.86,9.30,14.64,5.00,5.01,19.03,18.89,9.30,9.30,9.30,6.86,9.30
2026/04/04,17,16.00,5.00,5.00,19.93,20.02,10.90,10.89,10.90,6.89,10.90,16.00,5.00,5.00,20.05,19.93,10.91,10.98,10.93,6.89,10.98
2026/04/04,18,17.14,3.07,3.05,21.07,21.13,15.01,15.01,14.99,6.88,10.90,17.14,3.06,3.05,21.12,21.12,15.01,15.04,15.05,6.88,10.90
2026/04/04,19,17.21,5.01,5.00,21.71,21.73,17.18,17.15,17.13,6.95,10.90,17.21,5.00,5.00,21.77,21.74,16.89,17.22,17.18,6.95,10.90
2026/04/04,20,17.26,4.38,4.37,24.93,24.94,17.20,17.16,17.11,6.93,10.90,17.26,4.37,4.37,24.95,24.98,16.93,17.27,17.42,6.93,10.90
2026/04/04,21,15.03,5.40,5.33,19.95,21.35,16.75,16.72,16.64,6.92,15.25,15.03,5.33,5.35,20.02,21.33,16.46,16.76,16.57,6.93,15.29
2026/04/04,22,18.06,6.51,6.50,30.65,30.60,15.99,15.87,15.87,6.69,12.00,18.06,6.50,6.50,30.67,30.64,15.81,16.06,16.39,6.69,12.00
2026/04/04,23,15.17,9.18,9.18,21.17,21.98,15.00,14.98,14.96,6.66,9.03,15.17,9.18,9.18,21.25,21.90,14.92,15.06,15.02,6.67,9.03
2026/04/04,24,17.83,12.28,12.28,32.99,32.95,14.57,14.51,14.57,5.99,8.91,17.83,12.28,12.28,33.06,32.95,14.38,14.68,15.40,6.00,8.87
2026/04/04,25,17.27,9.18,9.18,32.34,32.29,14.43,14.36,14.39,5.95,9.02,17.27,9.18,9.18,32.39,32.32,14.20,14.41,15.30,5.99,9.02
2026/04/04,26,16.95,9.18,13.08,28.61,28.61,9.15,9.15,9.15,2.48,9.03,16.95,9.21,13.09,28.72,28.48,9.18,9.35,9.91,2.50,9.03
2026/04/04,27,17.23,10.95,14.02,28.97,28.98,13.00,13.00,13.00,2.17,9.03,17.23,10.96,14.04,29.07,28.90,13.01,13.23,13.39,2.18,9.03
2026/04/04,28,15.06,12.77,12.76,21.55,21.65,14.00,14.00,14.03,2.04,8.84,15.06,12.75,12.77,21.63,21.61,14.02,14.02,14.12,2.05,8.84
2026/04/04,29,17.31,14.99,14.95,29.36,29.34,12.01,12.00,12.00,2.04,8.84,17.31,14.93,15.00,29.42,29.36,12.02,12.27,12.45,2.05,8.84
2026/04/04,30,17.24,16.31,16.24,28.65,28.63,9.16,9.16,9.17,0.99,9.03,17.24,16.22,16.32,28.72,28.62,9.23,9.49,9.72,1.00,9.03
2026/04/04,31,18.15,17.49,17.36,32.49,32.42,8.62,8.63,8.67,0.02,8.62,18.15,17.35,17.49,32.59,32.28,8.70,8.90,9.59,0.02,8.71
2026/04/04,32,18.66,18.30,18.19,35.75,34.39,8.61,8.62,8.65,1.00,8.62,18.66,18.20,18.29,35.78,34.44,8.70,8.81,9.45,1.00,8.92
2026/04/04,33,17.78,19.08,19.01,33.00,32.88,9.04,9.05,9.14,2.04,9.04,17.78,19.01,19.07,33.10,32.79,9.16,9.23,9.97,2.05,9.07
2026/04/04,34,17.36,19.62,19.52,28.96,29.02,9.05,9.04,9.06,6.45,9.03,17.36,19.52,19.60,29.12,28.71,9.10,9.09,9.79,6.49,9.25
2026/04/04,35,18.00,18.83,18.77,29.34,29.30,12.50,12.48,12.50,5.98,12.50,18.00,18.75,18.83,29.47,29.12,12.44,12.50,13.10,6.00,12.64
2026/04/04,36,18.18,19.74,19.68,28.31,28.31,15.29,15.15,15.29,6.84,15.29,18.18,19.65,19.75,28.42,28.13,15.22,15.29,15.88,6.87,15.10
2026/04/04,37,17.97,19.49,19.43,21.01,21.00,18.59,18.23,18.45,6.89,18.33,17.97,19.39,19.50,21.00,21.06,18.40,18.60,18.60,6.89,17.78
2026/04/04,38,18.00,18.48,18.45,20.77,20.71,18.71,18.39,18.56,6.95,18.46,18.00,18.44,18.50,20.74,20.87,18.48,18.73,18.72,6.95,18.00
2026/04/04,39,17.97,18.46,18.45,19.83,19.84,18.70,18.29,18.56,6.95,18.42,17.97,18.43,18.49,19.81,19.94,18.43,18.73,18.73,6.95,17.81
2026/04/04,40,17.89,18.28,18.24,19.97,19.98,17.97,17.62,17.81,6.86,17.70,17.89,18.22,18.29,19.99,19.86,17.67,18.00,18.00,6.86,17.20
2026/04/04,41,17.39,16.54,16.51,20.88,20.82,15.14,15.01,15.12,6.80,15.14,17.39,16.49,16.54,20.85,20.95,14.88,15.15,15.15,6.84,14.96
2026/04/04,42,17.13,16.34,16.26,20.44,20.42,14.56,14.51,14.55,6.79,14.57,17.13,16.24,16.33,20.44,20.44,14.52,14.57,14.57,6.84,14.44
2026/04/04,43,16.89,16.46,16.61,19.97,19.93,14.57,14.47,14.55,6.79,14.56,16.89,16.57,16.68,20.03,19.70,14.35,14.57,14.57,6.84,14.44
2026/04/04,44,16.35,16.54,16.63,18.66,18.68,14.56,14.48,14.55,6.79,14.56,16.35,16.55,16.67,18.65,18.74,14.36,14.57,14.57,6.84,14.45
2026/04/04,45,13.92,16.55,16.80,17.92,17.95,15.00,14.88,14.99,6.79,15.00,13.92,16.65,16.83,17.94,17.88,14.78,15.01,15.01,6.84,14.82
2026/04/04,46,12.12,16.53,16.75,17.19,17.21,14.99,14.90,14.94,6.77,15.00,12.12,16.59,16.77,17.20,17.26,14.86,15.01,14.94,6.83,14.83
2026/04/04,47,11.27,15.76,15.78,15.86,15.89,14.56,14.49,14.51,6.78,14.56,11.27,15.85,15.90,15.86,15.84,14.51,14.57,14.51,6.84,14.42
2026/04/04,48,11.11,16.35,16.59,17.53,17.60,9.00,9.01,9.00,6.78,9.00,11.11,16.42,16.59,17.56,17.56,9.00,9.00,9.02,6.84,9.00
2026/04/05,1,18.95,18.16,18.18,31.54,18.69,9.03,9.01,8.76,6.87,9.00,18.95,18.10,18.21,38.37,18.78,8.44,9.03,9.03,6.92,9.03
2026/04/05,2,14.28,17.93,17.89,24.42,18.80,8.65,8.65,8.65,6.79,8.65,14.28,17.83,17.94,27.17,19.51,8.65,8.65,8.65,6.90,8.65
2026/04/05,3,12.51,17.88,17.84,24.50,18.87,8.61,8.61,8.61,6.79,8.61,12.51,17.73,17.91,27.18,19.66,8.61,8.61,8.61,6.90,8.61
2026/04/05,4,14.09,18.24,18.10,24.54,18.83,8.61,8.61,8.61,6.80,8.61,14.09,18.02,18.17,27.10,19.67,8.61,8.61,8.61,6.90,8.61
2026/04/05,5,12.18,18.89,18.91,19.03,18.97,8.65,8.65,8.65,6.81,8.65,12.18,18.77,18.98,19.03,19.02,8.65,8.65,8.65,6.92,8.65
2026/04/05,6,14.77,19.42,19.46,19.57,19.51,9.15,9.15,9.15,7.64,9.15,14.77,19.34,19.52,19.59,19.53,9.15,9.15,9.15,7.76,9.15
2026/04/05,7,16.01,18.36,18.32,20.07,20.00,12.00,11.98,12.00,7.65,12.00,16.01,18.23,18.36,20.08,20.03,12.00,12.00,12.00,7.76,11.97
2026/04/05,8,16.01,19.02,18.92,19.43,19.34,13.51,13.48,13.50,7.73,13.50,16.01,18.83,18.99,19.43,19.38,13.51,13.50,13.49,7.81,13.46
2026/04/05,9,16.02,19.35,18.90,19.02,18.92,13.00,12.91,12.99,7.89,12.99,16.02,18.79,19.00,19.04,18.99,12.71,13.00,13.00,7.97,12.92
2026/04/05,10,16.03,19.63,19.65,19.78,19.71,9.24,9.24,9.24,7.91,9.24,16.03,19.55,19.74,19.80,19.70,9.24,9.24,9.24,7.98,9.24
2026/04/05,11,17.01,19.04,19.09,19.18,19.09,12.00,11.92,11.99,7.90,12.00,17.01,18.94,19.16,19.16,19.13,11.87,12.00,12.00,7.97,11.91
2026/04/05,12,15.12,18.43,18.42,18.83,18.73,9.04,9.03,9.03,7.73,9.03,15.12,18.31,18.44,18.83,18.80,9.04,9.03,9.03,7.81,9.03
2026/04/05,13,13.59,15.17,14.99,17.45,17.34,14.00,13.68,13.98,7.71,13.93,13.59,14.97,15.01,17.47,17.39,13.58,13.99,13.85,7.79,13.70
2026/04/05,14,10.15,11.32,10.96,13.22,13.05,9.03,9.03,9.03,6.82,9.03,10.15,10.94,10.98,13.20,13.32,9.03,9.03,9.03,6.91,9.03
2026/04/05,15,8.23,9.18,8.64,10.85,10.52,8.40,8.40,8.41,0.10,8.39,8.23,9.18,8.62,10.94,10.66,8.40,8.41,8.40,0.10,8.40
2026/04/05,16,8.51,8.32,8.34,18.28,4.51,4.50,4.70,4.59,0.01,4.50,8.51,8.31,8.32,18.33,4.56,4.65,4.61,4.65,0.01,4.55
2026/04/05,17,7.60,9.15,8.33,19.17,2.70,2.70,0.51,0.55,0.01,0.09,7.60,9.18,8.34,19.21,2.76,2.84,0.37,0.36,0.01,0.28
2026/04/05,18,2.17,5.09,5.00,17.26,0.01,0.01,0.31,0.53,0.01,0.06,2.17,5.00,5.02,17.30,0.20,0.44,0.22,0.30,0.13,0.04
2026/04/05,19,2.16,2.97,2.95,15.87,0.01,0.01,0.08,0.17,0.01,0.03,2.16,2.95,2.95,15.91,0.07,0.22,0.08,0.06,0.01,0.03
2026/04/05,20,0.69,0.03,0.01,15.45,0.67,0.67,0.68,0.78,0.01,0.04,0.69,0.01,0.02,15.50,0.70,0.72,0.69,0.70,0.01,0.03
2026/04/05,21,0.20,0.03,0.01,15.45,0.01,0.01,0.05,0.07,0.01,0.02,0.20,0.01,0.02,15.49,0.06,0.08,0.02,0.04,0.01,0.03
2026/04/05,22,0.21,0.03,0.01,15.11,0.01,0.01,0.03,0.02,0.01,0.01,0.21,0.01,0.01,15.16,0.03,0.01,0.01,0.03,0.01,0.01
2026/04/05,23,0.17,0.03,0.01,12.20,0.01,0.01,0.01,0.01,0.01,0.01,0.17,0.01,0.01,12.26,0.01,0.01,0.01,0.01,0.01,0.01
2026/04/05,24,0.20,0.04,0.01,15.11,0.01,0.01,0.01,0.01,0.01,0.01,0.20,0.01,0.02,15.15,0.01,0.01,0.01,0.01,0.01,0.01
2026/04/05,25,0.22,0.03,0.01,15.44,0.01,0.01,0.01,0.01,0.01,0.01,0.22,0.01,0.02,15.48,0.01,0.01,0.01,0.01,0.01,0.01
2026/04/05,26,0.20,0.03,0.01,15.48,0.01,0.01,0.01,0.01,0.01,0.01,0.20,0.01,0.02,15.54,0.01,0.01,0.01,0.01,0.01,0.01
2026/04/05,27,0.30,0.04,0.01,10.11,0.01,0.01,0.01,0.01,0.01,0.01,0.30,0.01,0.02,10.19,0.01,0.01,0.01,0.01,0.01,0.01
2026/04/05,28,0.21,0.05,0.01,9.95,0.01,0.01,0.01,0.01,0.01,0.01,0.21,0.01,0.02,10.09,0.01,0.01,0.01,0.01,0.01,0.01
2026/04/05,29,0.41,1.04,1.00,7.39,0.01,0.01,0.03,0.02,0.01,0.01,0.41,1.01,1.01,7.76,0.03,0.01,0.01,0.03,0.01,0.01
2026/04/05,30,0.24,2.95,2.95,10.91,0.50,0.50,0.52,0.66,0.01,0.02,0.24,2.95,2.95,11.05,0.54,0.51,0.54,0.56,0.01,0.02
2026/04/05,31,1.23,6.92,6.92,13.75,2.47,0.02,0.09,0.21,0.01,0.02,1.23,6.92,6.92,13.87,2.48,0.23,0.12,0.09,0.01,0.02
2026/04/05,32,2.25,7.04,7.04,13.86,2.71,0.01,0.19,0.21,0.01,0.05,2.25,7.04,7.04,13.97,2.71,0.21,0.16,0.20,0.11,0.03
2026/04/05,33,2.86,9.17,9.23,17.58,2.70,0.16,0.21,0.09,0.01,0.02,2.86,9.19,9.20,17.62,2.69,0.09,0.10,0.09,0.15,0.17
2026/04/05,34,11.22,16.65,16.73,28.97,11.39,0.81,1.07,1.00,0.81,0.84,11.22,16.66,16.74,28.98,11.48,1.00,1.01,1.13,0.92,0.95
2026/04/05,35,14.19,17.44,17.38,21.33,17.74,7.23,7.23,7.25,6.93,7.24,14.19,17.33,17.45,21.36,18.00,7.26,7.26,7.31,6.93,7.36
2026/04/05,36,17.16,21.23,21.24,28.39,21.71,9.03,9.03,9.21,6.93,9.03,17.16,21.18,21.28,28.38,21.96,9.11,9.07,9.30,6.93,9.29
2026/04/05,37,18.43,21.46,21.45,28.92,14.34,14.36,14.33,14.23,7.81,14.37,18.43,21.38,21.50,28.91,14.39,14.36,14.36,14.35,7.81,14.17
2026/04/05,38,19.57,21.75,21.75,34.93,22.38,14.49,14.44,13.62,8.00,14.49,19.57,21.68,21.79,34.91,22.38,14.49,14.47,14.48,8.00,14.00
2026/04/05,39,19.53,21.29,21.30,29.97,22.01,14.43,14.36,13.51,8.00,14.43,19.53,21.24,21.34,29.96,22.01,14.43,14.41,14.42,8.00,13.91
2026/04/05,40,18.62,20.59,20.72,29.27,20.21,14.57,14.51,13.83,8.00,14.57,18.62,20.60,20.74,29.26,20.18,14.47,14.55,14.56,8.00,14.20
2026/04/05,41,18.40,20.52,20.72,28.22,21.96,14.36,14.26,13.51,8.00,14.35,18.40,20.57,20.73,28.21,21.94,14.24,14.34,14.35,8.00,13.85
2026/04/05,42,18.10,19.81,20.00,28.40,21.64,12.00,11.90,11.61,7.80,12.00,18.10,19.86,20.00,28.39,21.60,12.00,11.99,11.97,7.81,11.63
2026/04/05,43,18.57,20.91,20.97,28.89,28.36,13.99,13.91,13.29,7.80,13.95,18.57,20.89,21.00,28.91,28.21,13.96,13.97,13.99,7.81,13.51
2026/04/05,44,17.92,19.40,19.47,24.97,24.95,13.67,13.58,13.59,7.80,13.62,17.92,19.36,19.50,25.00,24.82,13.68,13.67,13.68,7.81,13.40
2026/04/05,45,17.13,19.04,19.16,21.09,19.01,14.35,14.22,14.31,7.80,14.33,17.13,19.03,19.18,21.10,19.00,14.36,14.35,14.33,7.81,14.04
2026/04/05,46,16.58,19.11,19.16,21.50,18.44,9.47,9.45,9.45,6.95,9.46,16.58,19.02,19.22,21.50,18.43,9.47,9.46,9.47,6.95,9.43
2026/04/05,47,16.68,19.23,19.25,20.72,18.95,9.52,9.51,9.52,6.95,9.51,16.68,19.16,19.30,20.74,18.92,9.53,9.51,9.52,6.95,9.49
2026/04/05,48,14.88,16.81,16.80,19.03,18.96,8.56,8.42,8.40,6.93,8.39,14.88,16.75,16.83,19.03,18.93,8.40,8.43,8.46,6.93,8.40
2026/04/06,1,13.45,13.30,13.53,18.58,18.70,8.61,8.61,8.31,6.77,8.60,13.45,13.52,13.54,18.72,18.21,8.17,8.61,8.61,6.83,8.61
2026/04/06,2,11.10,13.21,13.33,18.35,18.52,8.61,8.61,8.61,6.77,8.61,11.10,13.31,13.33,18.53,17.96,8.61,8.61,8.61,6.83,8.61
2026/04/06,3,11.78,15.90,16.52,17.85,18.00,8.61,8.61,8.61,6.77,8.61,11.78,16.47,16.54,17.99,17.39,8.61,8.61,8.61,6.83,8.61
2026/04/06,4,11.79,17.14,17.84,17.81,17.87,8.61,8.61,8.61,6.77,8.61,11.79,17.82,17.88,17.87,17.51,8.61,8.61,8.61,6.83,8.61
2026/04/06,5,11.86,18.02,18.03,17.99,18.07,8.40,8.40,8.40,6.86,8.40,11.86,17.98,18.07,18.05,17.87,8.40,8.40,8.40,6.92,8.40
2026/04/06,6,13.02,18.55,18.64,18.60,18.62,8.61,8.61,8.61,7.04,8.61,13.02,18.60,18.66,18.64,18.46,8.61,8.61,8.61,7.09,8.61
2026/04/06,7,15.00,18.34,19.05,19.03,19.01,8.84,8.84,8.84,8.38,8.84,15.00,19.00,19.08,19.08,18.77,8.84,8.84,8.84,8.39,8.84
2026/04/06,8,16.31,18.93,19.31,19.32,19.30,8.84,8.84,8.84,8.39,8.84,16.31,19.23,19.35,19.35,19.16,8.84,8.84,8.84,8.39,8.84
2026/04/06,9,16.68,19.28,19.68,19.69,19.67,8.65,8.65,8.65,8.39,8.65,16.68,19.58,19.72,19.72,19.52,8.65,8.65,8.65,8.39,8.65
2026/04/06,10,15.78,19.07,19.36,19.37,19.34,8.61,8.61,8.61,8.53,8.61,15.78,19.29,19.39,19.39,19.19,8.61,8.61,8.61,8.53,8.61
2026/04/06,11,16.70,19.56,19.98,19.98,19.93,8.61,8.61,8.61,8.53,8.61,16.70,19.92,20.00,19.98,19.86,8.61,8.61,8.61,8.53,8.61
2026/04/06,12,16.21,19.83,20.26,20.28,20.21,8.61,8.61,8.61,8.51,8.61,16.21,20.14,20.30,20.28,20.13,8.61,8.61,8.61,8.51,8.61
2026/04/06,13,15.21,19.22,19.58,19.50,19.53,8.61,8.61,8.61,8.40,8.61,15.21,19.43,19.42,19.60,19.44,8.61,8.61,8.61,8.40,8.61
2026/04/06,14,11.12,16.79,16.85,18.59,18.60,8.40,8.40,8.40,6.90,8.40,11.12,16.81,16.85,18.61,18.53,8.40,8.40,8.40,6.90,8.40
2026/04/06,15,9.17,16.78,16.83,17.85,17.88,7.89,7.89,7.89,6.84,7.89,9.17,16.74,16.86,17.89,17.78,7.89,7.89,7.89,6.84,7.89
2026/04/06,16,7.89,9.18,7.77,17.15,17.18,6.00,6.00,6.04,2.94,6.00,7.89,9.19,7.76,17.16,17.16,6.00,6.01,6.01,2.95,6.02
2026/04/06,17,7.29,7.75,7.75,13.02,12.88,5.90,5.90,5.91,0.02,5.90,7.29,7.75,7.75,13.03,12.83,5.90,5.90,5.91,0.02,5.90
2026/04/06,18,5.20,7.62,7.62,11.92,11.83,7.61,7.60,7.61,0.02,7.61,5.20,7.62,7.62,11.95,11.88,7.61,7.61,7.60,0.02,7.61
2026/04/06,19,3.59,4.00,4.00,7.63,7.61,7.60,7.60,7.52,1.00,7.60,3.59,4.00,4.00,7.61,7.58,7.84,7.60,7.63,1.00,7.60
2026/04/06,20,2.00,2.06,2.05,4.04,4.00,4.00,4.00,4.00,0.99,4.00,2.00,2.05,2.05,4.01,4.02,4.00,4.00,4.12,1.00,4.00
2026/04/06,21,1.05,1.01,1.00,2.51,2.51,2.50,2.59,2.50,0.01,2.50,1.05,1.00,1.00,2.51,2.53,2.52,2.53,2.55,0.01,2.54
2026/04/06,22,1.02,0.02,0.01,1.52,3.00,3.00,2.99,3.00,0.01,3.00,1.02,0.01,0.01,1.52,2.99,3.00,3.00,3.00,0.01,3.00
2026/04/06,23,2.03,0.04,0.01,8.00,8.00,8.00,7.95,8.00,0.01,8.00,2.03,0.01,0.02,8.00,7.94,8.01,8.00,7.99,0.01,8.00
2026/04/06,24,5.04,0.07,0.01,17.15,11.81,11.83,11.81,11.80,0.01,8.25,5.04,0.02,0.02,17.15,11.78,11.83,11.83,11.79,0.01,8.25
2026/04/06,25,1.19,0.04,0.01,17.15,2.53,2.50,2.54,2.52,0.01,2.51,1.19,0.01,0.02,17.15,2.53,2.52,2.53,2.56,0.01,2.50
2026/04/06,26,0.06,0.04,0.01,1.95,1.97,1.95,2.00,1.96,0.01,1.95,0.06,0.01,0.02,1.96,1.97,1.97,1.98,1.97,0.01,1.95
2026/04/06,27,2.13,0.19,0.10,16.47,7.38,7.36,7.35,7.35,0.01,7.36,2.13,0.12,0.12,16.47,7.35,7.47,7.36,7.36,0.01,7.36
2026/04/06,28,7.63,3.07,3.01,17.46,11.54,11.53,11.37,8.13,0.01,8.40,7.63,3.08,3.00,17.46,11.14,11.53,11.52,8.48,0.01,8.49
2026/04/06,29,8.10,5.06,5.00,18.27,18.12,15.15,14.85,8.59,0.01,8.61,8.10,5.00,5.01,18.29,17.63,14.57,15.19,8.61,0.01,8.61
2026/04/06,30,8.88,7.60,7.59,19.48,18.74,9.60,9.60,8.54,0.01,8.60,8.88,7.59,7.59,19.48,18.62,9.60,9.60,8.59,0.01,8.61
2026/04/06,31,12.64,7.71,7.70,20.50,18.98,9.60,9.59,9.60,0.01,8.84,12.64,7.70,7.70,20.51,18.93,9.60,9.60,9.57,0.01,8.84
2026/04/06,32,17.29,16.52,19.97,20.88,18.98,12.00,11.95,11.88,2.89,11.92,17.29,16.53,19.99,20.89,18.92,12.00,11.98,11.92,2.90,11.92
2026/04/06,33,18.03,18.73,21.03,28.15,28.13,9.62,9.62,9.02,6.83,9.08,18.03,18.66,21.10,28.22,27.87,9.62,9.62,9.04,6.84,9.05
2026/04/06,34,19.68,27.34,27.45,29.94,29.89,14.42,14.36,14.38,6.93,14.41,19.68,27.28,27.53,30.00,29.64,14.34,14.43,14.42,6.94,14.31
2026/04/06,35,20.12,31.63,32.31,35.89,35.88,15.57,15.43,15.53,8.38,15.53,20.12,31.61,32.51,35.98,35.51,15.19,15.57,15.54,8.39,15.46
2026/04/06,36,22.02,33.94,34.63,38.61,38.58,15.94,15.72,15.91,8.49,15.86,22.02,33.68,34.97,38.70,38.20,15.55,15.92,15.88,8.50,15.71
2026/04/06,37,23.39,24.62,36.97,36.98,36.94,15.99,15.62,15.95,8.61,15.92,23.39,24.80,37.09,36.97,36.67,15.35,15.98,15.94,8.63,15.67
2026/04/06,38,21.54,24.09,37.93,37.84,37.80,15.94,15.69,15.86,8.65,15.87,21.54,24.31,37.95,37.91,37.42,15.43,15.92,15.91,8.65,15.65
2026/04/06,39,20.25,24.12,28.96,29.03,29.02,15.94,15.58,15.86,8.51,15.83,20.25,24.31,29.10,29.09,28.67,14.92,15.94,15.93,8.51,15.66
2026/04/06,40,19.83,24.58,26.09,26.16,26.12,15.94,15.42,15.87,8.47,15.86,19.83,24.80,26.14,26.18,25.99,14.65,15.94,15.93,8.47,15.60
2026/04/06,41,19.84,26.01,26.06,26.16,26.07,15.94,15.48,15.90,8.39,15.86,19.84,25.77,26.18,26.18,25.96,14.52,15.94,15.93,8.39,15.78
2026/04/06,42,18.80,24.87,25.00,25.00,22.02,14.56,14.28,14.55,8.40,14.55,18.80,24.84,25.01,25.01,21.96,13.93,14.57,14.57,8.40,14.31
2026/04/06,43,18.50,24.92,24.94,24.98,24.97,10.45,10.38,10.45,8.40,10.44,18.50,24.97,25.00,25.00,24.87,10.42,10.45,10.45,8.40,10.30
2026/04/06,44,18.48,21.16,22.63,22.67,22.67,14.36,14.01,14.33,8.37,14.34,18.48,21.30,22.68,22.69,22.55,13.57,14.36,14.36,8.37,14.02
2026/04/06,45,18.15,20.44,20.47,20.49,20.50,12.00,11.82,11.99,8.36,11.99,18.15,20.48,20.49,20.50,20.48,11.83,12.00,12.00,8.38,11.69
2026/04/06,46,17.81,19.98,19.96,19.99,20.00,9.60,9.59,9.60,8.32,9.60,17.81,19.97,19.99,20.00,19.97,9.60,9.60,9.60,8.37,9.59
2026/04/06,47,17.06,19.35,19.37,19.37,19.37,10.19,10.15,10.19,8.31,10.19,17.06,19.36,19.36,19.37,19.36,10.19,10.19,10.19,8.37,10.11
2026/04/06,48,16.89,19.49,19.50,19.51,19.51,8.84,8.85,8.84,6.86,8.84,16.89,19.50,19.50,19.51,19.51,8.87,8.84,8.84,6.91,8.84
2026/04/07,1,17.36,18.03,18.61,18.61,18.58,16.76,16.74,16.74,8.39,16.76,17.36,18.43,18.61,18.61,18.50,16.75,16.76,16.76,8.39,16.74
2026/04/07,2,15.01,17.79,18.04,18.00,18.04,9.43,9.43,9.51,6.93,9.43,15.01,18.05,18.05,18.05,17.83,9.50,9.43,9.44,6.93,9.43
2026/04/07,3,14.41,17.75,17.79,17.75,17.80,9.03,9.03,9.14,6.93,9.03,14.41,17.78,17.80,17.80,17.67,9.13,9.03,9.03,6.93,9.03
2026/04/07,4,14.54,17.18,17.22,17.21,17.22,9.03,9.03,9.20,8.39,9.03,14.54,17.21,17.23,17.23,17.15,9.19,9.03,9.03,8.39,9.03
2026/04/07,5,14.97,17.15,17.15,17.12,17.15,8.84,8.84,9.08,8.39,8.84,14.97,17.13,17.15,17.15,17.08,9.05,8.84,8.86,8.39,8.84
2026/04/07,6,16.53,17.84,18.05,18.03,18.05,10.19,10.19,10.20,8.39,10.19,16.53,18.05,18.05,18.05,17.95,10.20,10.19,10.19,8.39,10.19
2026/04/07,7,17.21,17.82,18.04,18.05,18.05,14.79,14.79,14.78,8.40,14.79,17.21,17.94,18.06,18.06,17.96,14.79,14.79,14.79,8.40,14.79
2026/04/07,8,17.36,17.86,18.04,18.05,18.06,15.01,15.00,14.90,8.49,15.00,17.36,17.89,18.06,18.06,17.94,14.98,15.01,15.01,8.49,15.01
2026/04/07,9,18.32,18.36,18.56,18.55,18.58,15.15,15.15,15.13,8.54,15.14,18.32,18.39,18.58,18.58,18.48,15.12,15.15,15.15,8.52,15.15
2026/04/07,10,18.51,18.09,18.69,18.69,18.71,15.15,15.13,15.13,8.54,15.14,18.51,18.52,18.71,18.71,18.56,15.11,15.15,15.15,8.52,15.14
2026/04/07,11,18.79,18.54,18.94,18.96,18.96,16.76,16.74,16.70,8.51,16.75,18.79,18.85,18.97,18.97,18.84,16.69,16.76,16.76,8.51,16.76
2026/04/07,12,18.85,18.47,18.88,18.86,18.85,15.15,15.14,15.15,6.92,15.15,18.85,18.76,18.88,18.88,18.77,15.14,15.15,15.15,6.92,15.14
2026/04/07,13,18.86,18.56,18.94,18.94,18.92,15.01,15.01,15.01,6.86,15.01,18.86,18.76,18.96,18.96,18.82,15.01,15.01,15.01,6.86,15.01
2026/04/07,14,18.97,18.59,19.10,19.09,19.03,14.57,14.57,14.57,6.66,14.57,18.97,18.96,19.10,19.09,18.97,14.57,14.57,14.57,6.66,14.57
2026/04/07,15,19.53,19.52,19.96,19.98,19.94,15.01,15.01,15.01,7.02,9.03,19.53,19.83,19.99,19.98,19.84,15.01,15.01,15.01,6.93,9.15
2026/04/07,16,20.01,19.44,19.94,20.17,20.13,17.38,17.37,17.35,7.02,8.86,20.01,19.87,19.99,20.18,20.00,17.38,17.38,17.38,6.94,8.98
2026/04/07,17,20.77,19.31,19.40,20.99,20.97,20.97,20.97,20.86,8.45,9.03,20.77,19.34,19.40,20.99,20.96,21.00,21.00,20.99,8.41,9.23
2026/04/07,18,21.96,19.54,21.23,23.00,22.99,22.50,22.50,22.50,8.36,8.84,21.96,19.74,21.23,22.99,22.99,22.50,22.50,22.50,8.55,8.84
2026/04/07,19,19.35,19.15,19.24,19.25,22.02,22.04,22.01,19.99,14.91,8.61,19.35,19.14,19.25,19.25,22.02,22.02,22.02,19.99,14.98,8.61
2026/04/07,20,21.02,18.25,18.41,29.97,29.97,29.89,29.96,9.92,9.78,2.95,21.02,18.27,18.43,29.93,30.00,29.76,30.00,9.79,9.87,2.95
2026/04/07,21,20.08,17.61,17.97,34.95,34.93,34.66,34.91,10.95,10.95,0.02,20.08,17.79,17.97,34.85,34.98,34.96,35.00,10.95,10.95,0.01
2026/04/07,22,18.96,15.71,15.82,29.98,29.98,29.95,29.99,19.77,13.70,0.02,18.96,15.71,15.84,29.98,29.96,29.94,30.00,19.71,14.00,0.01
2026/04/07,23,18.79,14.67,14.75,31.45,31.46,31.33,31.44,9.06,8.98,0.02,18.79,14.67,14.76,31.47,31.44,30.88,31.50,9.06,9.03,0.02
2026/04/07,24,18.36,13.77,13.90,34.94,34.86,34.62,34.84,8.65,8.53,0.01,18.36,13.79,13.91,34.95,34.94,33.32,35.00,8.60,8.56,0.01
2026/04/07,25,16.07,12.52,12.63,28.18,28.16,28.13,28.18,6.92,6.80,0.01,16.07,12.54,12.64,28.21,28.03,28.15,28.22,6.89,6.94,0.01
2026/04/07,26,15.06,12.27,12.37,25.79,25.80,25.76,25.80,4.11,3.99,0.01,15.06,12.28,12.39,25.82,25.68,25.74,25.84,4.18,4.05,0.01
2026/04/07,27,17.18,16.09,16.27,28.93,28.93,28.94,28.93,4.65,4.43,0.01,17.18,16.04,16.33,28.94,28.94,28.83,28.94,4.68,4.55,0.01
2026/04/07,28,17.43,15.99,16.26,29.43,29.42,29.40,29.42,8.01,1.95,0.01,17.43,16.04,16.30,29.41,29.45,29.25,29.45,8.01,2.02,0.01
2026/04/07,29,17.29,16.07,16.29,28.99,28.97,28.99,28.99,8.65,0.02,0.01,17.29,16.15,16.30,28.99,29.01,28.80,29.03,8.85,0.02,0.01
2026/04/07,30,17.33,16.36,18.47,28.99,23.79,23.76,23.76,0.18,0.02,0.02,17.33,16.42,18.48,28.99,23.80,23.57,23.83,0.23,0.03,0.02
2026/04/07,31,17.97,16.36,18.76,28.99,21.43,21.39,21.38,0.21,0.01,0.02,17.97,16.44,18.78,28.98,21.42,21.25,21.48,0.27,0.02,0.02
2026/04/07,32,18.78,17.62,19.02,27.48,23.73,23.74,23.41,2.09,1.96,2.02,18.78,17.73,19.03,27.48,23.76,23.63,23.83,2.48,2.04,2.27
2026/04/07,33,19.54,18.66,20.63,21.99,22.00,21.99,21.96,8.40,6.96,8.28,19.54,18.84,20.63,22.00,22.01,21.88,22.01,8.46,6.94,8.54
2026/04/07,34,21.80,18.46,21.75,29.33,29.35,29.36,29.31,8.61,6.94,8.64,21.80,18.54,21.74,29.45,29.26,28.55,29.47,8.92,6.94,8.81
2026/04/07,35,21.40,18.77,20.58,27.45,27.43,27.41,27.41,19.98,6.84,9.03,21.40,18.89,20.57,27.47,27.38,27.35,27.50,20.02,6.84,9.08
2026/04/07,36,28.99,19.08,21.21,28.99,35.83,35.78,35.86,26.85,8.40,19.62,28.99,19.22,21.20,28.99,35.84,35.82,35.86,26.82,8.40,19.64
2026/04/07,37,34.90,19.52,21.46,29.96,37.53,37.42,37.54,37.48,6.87,21.92,34.90,19.71,21.46,29.96,37.53,37.29,37.57,37.53,6.87,21.96
2026/04/07,38,30.77,19.42,21.44,28.98,36.63,36.55,36.62,36.56,6.84,20.38,30.77,19.60,21.43,28.98,36.67,36.43,36.63,36.55,6.84,20.41
2026/04/07,39,30.01,18.35,21.77,28.99,37.16,37.16,37.14,36.00,8.39,23.48,30.01,18.46,21.77,28.99,37.18,37.10,37.14,36.00,8.39,23.49
2026/04/07,40,21.80,18.74,19.38,19.37,26.79,26.78,26.74,26.76,6.93,20.33,21.80,18.86,19.38,19.37,26.74,26.78,26.78,26.78,6.93,20.34
2026/04/07,41,28.93,18.04,21.77,28.55,28.55,28.43,28.54,26.70,6.93,21.96,28.93,18.36,21.77,28.55,28.49,28.58,28.58,26.77,6.93,21.98
2026/04/07,42,21.98,18.06,20.14,20.15,22.84,22.84,22.83,20.70,6.93,19.65,21.98,18.13,20.18,20.14,22.81,22.84,22.84,20.70,6.93,19.66
2026/04/07,43,22.08,17.73,20.44,20.45,21.13,19.66,19.65,19.66,6.92,19.66,22.08,17.86,20.46,20.46,21.05,19.65,19.66,19.65,6.92,19.66
2026/04/07,44,21.76,16.34,20.94,20.96,20.96,20.00,19.99,19.99,6.92,19.65,21.76,16.43,20.96,20.97,20.92,19.99,19.99,19.98,6.92,19.65
2026/04/07,45,22.21,16.35,21.41,21.40,21.42,19.99,20.00,20.00,6.94,19.64,22.21,16.44,21.41,21.40,21.42,20.00,20.00,20.00,6.94,19.65
2026/04/07,46,20.74,17.07,20.00,20.92,20.93,20.97,20.92,21.00,6.93,19.64,20.74,17.42,20.00,20.93,20.93,20.92,20.95,20.91,6.93,19.65
2026/04/07,47,20.48,19.51,20.48,20.49,20.49,20.54,20.48,20.52,6.94,19.64,20.48,19.75,20.50,20.48,20.48,20.48,20.53,20.48,6.94,19.65
2026/04/07,48,19.66,19.24,19.35,19.96,19.94,19.98,19.93,19.96,8.39,19.65,19.66,19.19,19.40,19.96,19.93,19.94,19.97,19.94,8.39,19.66
2026/04/08,1,18.21,17.78,17.78,19.16,19.16,19.15,19.16,19.15,7.04,19.15,18.21,17.77,17.79,19.16,19.16,19.16,19.16,19.16,6.96,19.11
2026/04/08,2,17.69,16.09,16.10,18.57,19.46,18.92,18.88,18.55,6.93,18.39,17.69,16.09,16.10,18.57,19.47,19.00,19.00,18.99,6.93,18.15
2026/04/08,3,17.13,17.61,17.60,18.17,19.14,17.31,17.31,17.10,6.93,17.12,17.13,17.60,17.60,18.17,19.15,17.38,17.38,17.37,6.93,16.93
2026/04/08,4,17.23,18.07,18.07,18.07,20.11,18.61,18.62,18.43,6.93,18.57,17.23,18.07,18.07,18.07,20.19,18.73,18.73,18.72,6.93,18.21
2026/04/08,5,18.07,18.53,18.53,18.53,20.45,18.61,18.56,18.42,8.39,18.65,18.07,18.53,18.53,18.53,20.53,18.73,18.73,18.76,8.39,18.12
2026/04/08,6,18.93,19.25,21.08,21.08,21.11,18.66,18.66,18.48,8.51,18.58,18.93,19.27,21.08,21.08,21.13,18.73,18.73,18.76,8.51,18.33
2026/04/08,7,20.00,19.37,21.60,21.60,21.85,19.82,19.91,19.68,8.52,19.87,20.00,19.38,21.60,21.61,22.01,19.98,20.00,19.97,8.52,19.58
2026/04/08,8,20.06,19.50,21.96,21.96,22.28,20.35,20.41,20.28,8.40,20.37,20.06,19.51,21.96,21.96,22.50,20.49,20.51,20.49,8.40,20.12
2026/04/08,9,20.11,19.52,22.75,22.75,22.94,19.99,20.03,19.84,8.39,19.71,20.11,19.67,22.76,22.75,23.05,19.64,20.11,20.09,8.39,19.80
2026/04/08,10,20.53,19.54,24.50,24.51,24.55,19.98,20.51,19.47,8.12,19.80,20.53,19.72,24.50,24.54,24.53,18.04,20.67,20.66,8.54,20.30
2026/04/08,11,21.10,19.16,24.51,24.51,24.51,22.33,22.33,21.92,8.53,22.00,21.10,19.32,24.51,24.51,24.51,22.39,22.50,22.49,8.53,21.72
2026/04/08,12,21.93,18.90,24.98,28.22,28.22,24.46,24.78,24.07,9.13,24.21,21.93,19.05,24.99,28.21,28.22,24.85,25.01,25.00,9.13,23.76
2026/04/08,13,20.78,17.06,17.06,25.01,25.03,21.63,21.91,21.45,8.65,21.07,20.78,17.01,17.08,25.01,25.02,22.00,22.00,21.99,8.65,21.10
2026/04/08,14,18.58,9.19,9.19,21.22,21.24,18.68,18.67,18.56,8.38,18.61,18.58,9.18,9.18,21.21,21.24,18.73,18.73,18.72,8.38,18.45
2026/04/08,15,13.68,8.15,8.03,18.76,18.75,14.43,14.43,14.42,6.64,12.00,13.68,8.03,8.06,18.75,18.75,14.43,14.43,14.42,6.64,12.00
2026/04/08,16,8.71,3.11,2.95,17.17,17.19,9.11,9.12,9.25,6.84,8.65,8.71,3.00,2.97,17.16,17.26,9.11,9.15,9.13,6.84,8.63
2026/04/08,17,8.22,1.06,1.00,12.21,12.22,9.73,9.72,8.60,3.00,8.58,8.22,1.02,1.01,12.21,12.21,9.73,9.72,8.64,3.00,8.58
2026/04/08,18,3.39,0.03,0.01,12.09,12.09,12.08,12.08,6.87,0.01,2.05,3.39,0.01,0.01,12.10,12.09,12.08,12.08,6.87,0.01,2.05
2026/04/08,19,1.06,0.01,0.01,11.01,12.11,12.08,12.08,0.37,0.01,0.01,1.06,0.01,0.01,11.02,12.10,12.08,12.10,0.24,0.04,0.01
2026/04/08,20,0.22,0.01,0.01,1.86,3.17,2.95,2.99,0.73,0.01,0.01,0.22,0.01,0.01,1.83,3.26,3.09,3.09,0.52,0.05,0.01
2026/04/08,21,0.23,0.03,0.01,0.30,1.10,1.00,1.19,0.76,0.01,0.01,0.23,0.01,0.01,0.27,1.37,1.29,1.25,0.50,0.01,0.01
2026/04/08,22,0.13,0.08,0.01,5.09,5.06,5.01,5.01,1.36,0.01,0.01,0.13,0.02,0.02,5.08,5.12,5.04,5.02,1.29,0.01,0.01
2026/04/08,23,0.09,0.10,0.01,14.00,7.53,7.50,7.50,5.35,0.02,0.01,0.09,0.02,0.03,13.99,7.50,7.66,7.51,5.35,0.01,0.01
2026/04/08,24,0.16,0.08,0.01,10.48,8.09,8.00,8.00,6.99,0.02,0.01,0.16,0.02,0.02,10.48,8.01,8.41,8.01,7.00,0.01,0.01
2026/04/08,25,0.11,0.04,0.01,3.08,2.95,2.95,2.95,2.98,0.01,0.01,0.11,0.01,0.02,3.11,2.96,2.95,2.96,2.96,0.01,0.01
2026/04/08,26,0.13,0.06,0.01,3.02,2.11,2.06,2.12,1.66,0.01,0.01,0.13,0.01,0.02,3.06,2.13,2.20,2.11,1.65,0.01,0.01
2026/04/08,27,0.07,0.09,0.04,11.09,4.04,4.00,4.01,3.98,0.02,0.01,0.07,0.05,0.04,11.09,4.02,4.15,4.01,3.98,0.01,0.01
2026/04/08,28,0.22,0.16,0.04,1.74,2.60,2.50,2.57,2.50,0.02,0.01,0.22,0.09,0.04,1.57,2.72,3.26,2.65,2.74,0.01,0.01
2026/04/08,29,0.22,0.16,0.04,1.36,6.73,6.67,6.68,2.95,0.01,0.01,0.22,0.09,0.04,1.33,6.81,6.72,6.69,2.95,0.01,0.01
2026/04/08,30,0.14,0.07,0.03,11.93,11.94,12.03,11.90,0.46,0.03,0.01,0.14,0.03,0.03,11.95,11.93,11.92,11.91,0.42,0.02,0.01
2026/04/08,31,1.14,1.05,1.00,12.20,12.25,12.91,12.21,0.06,0.01,0.01,1.14,1.03,1.01,12.21,12.28,12.21,12.34,0.04,0.02,0.01
2026/04/08,32,8.40,3.66,3.00,17.59,17.59,17.08,16.88,1.18,1.00,0.01,8.40,3.11,3.10,17.60,17.60,16.88,16.89,1.09,1.04,0.01
2026/04/08,33,9.24,8.98,8.90,17.87,17.90,18.24,17.87,3.16,2.95,2.90,9.24,8.96,8.89,17.91,17.90,17.88,17.87,3.05,3.00,2.90
2026/04/08,34,18.33,15.06,16.31,24.51,24.52,24.51,24.48,9.05,6.85,9.03,18.33,15.02,16.31,24.50,24.48,24.51,24.51,9.03,6.85,9.04
2026/04/08,35,21.19,18.61,25.62,25.63,25.62,20.60,20.66,20.62,8.39,20.59,21.19,18.61,25.63,25.62,25.63,20.66,20.66,20.66,8.39,20.59
2026/04/08,36,27.89,18.99,33.68,34.97,34.95,34.77,34.86,33.57,8.39,33.49,27.89,18.98,33.71,34.96,34.96,35.00,34.99,34.95,8.39,33.39
2026/04/08,37,28.04,18.82,30.37,34.99,34.97,30.02,30.03,20.65,8.64,19.46,28.04,18.83,30.38,34.97,35.00,30.00,30.01,20.66,8.64,19.56
2026/04/08,38,30.04,19.09,38.47,39.97,36.12,35.15,34.99,19.97,9.13,19.49,30.04,19.10,38.52,39.81,36.13,35.00,35.00,19.98,9.13,19.58
2026/04/08,39,29.18,19.19,35.67,35.68,35.66,35.80,35.67,19.98,8.52,19.62,29.18,19.20,35.68,35.66,35.69,35.68,35.69,19.98,8.52,19.64
2026/04/08,40,29.55,18.84,36.46,36.48,36.46,35.24,34.99,19.98,8.51,19.66,29.55,18.85,36.48,36.45,36.49,35.00,35.00,19.98,8.51,19.66
2026/04/08,41,29.72,18.54,39.89,39.89,39.77,30.19,30.03,19.99,8.51,19.66,29.72,18.53,39.92,39.79,39.88,30.02,30.03,19.99,8.51,19.66
2026/04/08,42,29.33,18.45,35.59,35.62,35.57,30.18,30.00,20.70,8.49,19.66,29.33,18.43,35.62,35.58,35.56,30.02,30.03,20.70,8.49,19.66
2026/04/08,43,28.64,18.24,36.17,36.66,36.60,29.97,29.88,26.00,8.40,19.66,28.64,18.22,36.29,36.63,36.38,29.96,29.88,25.68,8.40,19.66
2026/04/08,44,24.58,18.26,32.55,34.94,34.91,23.05,23.00,23.01,8.51,19.66,24.58,18.25,32.64,34.95,34.68,23.00,23.01,23.01,8.51,19.66
2026/04/08,45,25.05,18.15,28.24,28.22,28.23,26.83,26.77,26.77,8.39,19.66,25.05,18.14,28.24,28.22,28.21,26.77,26.79,26.77,8.39,19.66
2026/04/08,46,21.64,16.08,23.65,26.11,26.21,25.06,25.00,25.01,8.40,19.66,21.64,16.03,23.63,26.11,26.25,25.00,25.02,25.00,8.40,19.66
2026/04/08,47,21.47,16.09,24.91,24.91,24.91,20.80,20.70,20.72,8.38,19.66,21.47,16.05,24.91,24.91,24.91,20.70,20.73,20.70,8.38,19.66
2026/04/08,48,19.56,16.07,20.74,20.75,20.75,18.89,18.73,18.76,8.39,18.73,19.56,16.03,20.75,20.75,20.75,18.73,18.75,18.76,8.39,18.74
2026/04/09,1,18.92,19.07,19.94,19.94,19.93,18.75,18.71,18.71,8.08,18.70,18.92,19.13,19.94,19.94,19.87,18.73,18.73,18.73,8.49,18.71
2026/04/09,2,18.24,14.98,19.38,19.38,19.99,16.88,16.88,16.87,14.31,16.85,18.24,14.99,19.38,19.38,19.96,16.88,16.88,16.88,14.31,16.86
2026/04/09,3,17.99,15.22,19.11,19.11,20.00,16.40,16.35,16.37,14.29,16.35,17.99,15.22,19.11,19.11,19.98,16.35,16.35,16.35,14.31,16.35
2026/04/09,4,17.88,10.43,18.54,18.54,20.00,16.40,16.35,16.37,14.86,16.31,17.88,10.40,18.54,18.54,19.99,16.35,16.35,16.35,14.88,16.33
2026/04/09,5,18.63,15.99,20.00,20.00,20.01,17.26,17.22,17.25,14.89,17.20,18.63,15.99,20.00,20.01,20.00,17.22,17.22,17.22,14.91,17.21
2026/04/09,6,20.11,10.42,20.33,20.33,20.76,19.74,19.66,19.67,8.57,19.66,20.11,10.40,20.46,20.56,20.42,19.66,19.66,19.72,8.63,19.66
2026/04/09,7,20.15,19.97,21.50,21.50,22.04,21.55,21.50,21.50,8.40,19.66,20.15,19.97,21.86,21.55,21.86,21.50,21.50,21.54,8.40,19.66
2026/04/09,8,20.43,20.01,22.02,22.00,22.53,22.04,22.00,22.00,8.51,19.66,20.43,20.01,22.34,22.06,22.34,22.00,22.01,22.04,8.51,19.66
2026/04/09,9,20.82,15.99,22.59,22.56,23.05,22.55,22.56,22.56,8.55,19.66,20.82,15.99,22.89,22.64,22.83,22.56,22.57,22.58,8.55,19.66
2026/04/09,10,21.41,17.74,24.07,24.08,25.35,23.98,24.07,24.06,8.58,19.99,21.41,17.74,24.16,24.11,25.88,24.08,24.09,23.86,8.58,19.99
2026/04/09,11,25.37,19.21,26.93,26.98,26.84,26.83,26.98,26.90,8.42,19.96,25.37,19.24,27.01,26.96,26.85,26.08,27.02,26.77,8.41,19.99
2026/04/09,12,25.42,15.07,27.00,27.00,27.00,27.01,26.99,26.93,8.42,19.66,25.42,15.05,27.01,27.00,26.94,27.00,27.03,26.98,8.41,19.66
2026/04/09,13,21.12,14.98,25.25,25.35,26.95,26.99,26.95,26.81,8.38,19.66,21.12,14.99,25.38,25.37,26.80,26.44,26.99,26.86,8.39,19.66
2026/04/09,14,18.73,9.21,15.02,20.65,20.66,19.44,19.43,19.43,8.49,19.40,18.73,9.20,15.02,20.66,20.62,19.43,19.43,19.43,8.51,19.43
2026/04/09,15,17.12,7.90,7.74,18.72,18.72,16.88,16.88,16.88,9.22,14.85,17.12,7.73,7.76,18.73,18.67,16.88,16.88,16.89,9.15,14.85
2026/04/09,16,12.03,7.02,7.04,17.69,17.70,15.01,15.01,15.01,8.67,9.17,12.03,7.04,7.03,17.69,17.69,15.01,15.01,15.01,8.65,9.07
2026/04/09,17,12.19,3.01,3.00,17.15,17.15,16.76,16.76,13.62,8.71,8.95,12.19,3.01,3.00,17.15,17.14,16.76,16.76,13.60,8.66,8.98
2026/04/09,18,9.45,0.50,0.43,16.88,16.88,16.99,16.88,13.61,8.60,8.84,9.45,0.44,0.44,16.89,16.88,16.88,16.89,13.59,8.53,8.84
2026/04/09,19,9.67,0.10,0.01,17.16,17.21,17.17,17.15,8.61,8.52,8.61,9.67,0.04,0.02,17.18,17.18,17.15,17.16,8.61,8.52,8.61
2026/04/09,20,9.18,0.15,0.01,17.87,12.60,13.08,12.53,10.12,8.39,8.61,9.18,0.05,0.03,17.89,12.63,12.53,12.54,10.12,8.39,8.61
2026/04/09,21,9.02,0.20,0.01,17.14,12.56,12.94,12.46,12.46,6.93,8.61,9.02,0.08,0.04,17.15,12.52,12.46,12.57,12.47,6.93,8.61
2026/04/09,22,8.58,0.13,0.01,16.93,12.54,12.75,12.53,12.53,6.93,8.63,8.58,0.05,0.03,16.93,12.55,12.53,12.54,12.54,6.93,8.62
2026/04/09,23,8.51,0.10,0.01,14.01,12.48,12.98,12.46,12.46,6.93,8.63,8.51,0.05,0.02,14.05,12.47,12.46,12.46,12.47,6.93,8.62
2026/04/09,24,8.61,0.08,0.01,13.68,12.45,12.80,12.43,12.47,6.93,8.43,8.61,0.03,0.02,13.71,12.43,12.43,12.43,12.44,6.93,8.42
2026/04/09,25,6.96,0.07,0.01,11.16,9.51,9.76,9.31,9.32,6.99,8.26,6.96,0.02,0.02,11.25,9.35,9.31,9.35,9.34,6.95,8.25
2026/04/09,26,6.98,0.07,0.01,12.63,10.72,10.91,10.53,10.52,7.02,5.02,6.98,0.02,0.02,12.70,10.56,10.52,10.55,10.55,6.95,5.01
2026/04/09,27,11.08,0.08,0.01,17.56,17.58,17.56,17.56,17.57,8.52,8.40,11.08,0.02,0.02,17.56,17.56,17.57,17.56,17.58,8.52,8.40
2026/04/09,28,9.64,0.04,0.01,11.09,18.67,18.72,18.69,18.61,8.68,8.71,9.64,0.02,0.01,11.13,18.72,17.93,18.75,18.72,8.66,8.65
2026/04/09,29,12.23,0.08,0.01,17.23,21.83,21.80,21.85,21.68,9.25,8.61,12.23,0.04,0.02,17.25,21.92,20.71,21.92,21.90,9.24,8.61
2026/04/09,30,15.85,2.50,2.50,17.94,24.43,24.52,24.45,24.22,12.07,8.63,15.85,2.50,2.50,17.95,24.50,23.63,24.51,24.45,12.06,8.62
2026/04/09,31,17.94,7.57,7.57,19.42,22.90,22.94,22.90,22.85,13.22,8.61,17.94,7.55,7.58,19.44,22.93,22.45,22.94,22.91,13.23,8.61
2026/04/09,32,19.19,8.02,8.06,20.00,27.11,27.00,27.00,27.04,14.99,8.27,19.19,8.06,8.02,20.00,27.15,26.65,27.07,27.13,15.00,8.41
2026/04/09,33,20.17,17.24,17.28,25.12,25.37,25.15,25.22,25.43,21.86,8.92,20.17,17.29,17.28,25.25,25.12,25.12,25.21,25.54,21.95,8.88
2026/04/09,34,25.18,19.41,19.45,27.03,27.43,27.06,27.16,27.02,23.52,9.05,25.18,19.46,19.44,27.30,27.20,27.02,27.06,26.69,23.51,9.04
2026/04/09,35,25.46,19.88,21.98,29.28,27.20,19.99,20.06,20.01,15.19,14.39,25.46,19.90,22.00,29.33,26.88,19.99,20.07,19.99,15.20,14.36
2026/04/09,36,26.48,19.80,20.00,29.61,29.55,29.64,29.64,20.01,8.23,17.66,26.48,19.89,19.99,29.73,29.14,29.64,29.67,19.99,8.51,17.66
2026/04/09,37,27.26,19.63,19.70,31.03,31.42,30.12,30.23,20.76,8.41,18.79,27.26,19.71,19.70,31.17,31.03,31.30,30.11,20.62,8.40,18.60
2026/04/09,38,27.15,19.64,19.71,49.66,27.24,27.36,27.02,20.16,8.55,18.72,27.15,19.72,19.71,49.13,27.01,27.00,27.06,20.17,8.54,18.60
2026/04/09,39,27.12,19.83,19.93,38.82,27.47,27.32,27.06,27.02,8.40,18.61,27.12,19.93,19.92,38.68,27.06,27.00,27.11,27.44,8.39,18.60
2026/04/09,40,25.11,19.88,19.98,28.06,27.31,27.11,27.04,27.07,8.41,17.66,25.11,19.98,19.97,28.19,27.01,27.00,27.05,27.07,8.40,17.66
2026/04/09,41,23.58,19.91,20.01,28.41,27.34,27.23,27.04,27.09,8.48,15.31,23.58,20.01,20.00,28.51,27.00,27.01,27.07,27.37,8.51,15.29
2026/04/09,42,22.64,19.99,19.96,28.23,27.25,26.74,26.65,26.86,14.90,15.28,22.64,19.99,19.98,28.32,27.00,26.64,26.66,26.79,14.89,15.28
2026/04/09,43,22.19,20.00,22.98,27.00,27.05,27.01,27.00,27.01,14.98,16.36,22.19,20.00,22.99,27.02,27.00,27.00,27.02,26.99,14.99,16.35
2026/04/09,44,20.73,20.00,23.48,25.38,25.40,22.04,22.00,22.01,13.98,17.67,20.73,20.00,23.49,25.39,25.38,22.00,22.00,22.02,14.00,17.66
2026/04/09,45,20.84,18.33,25.10,25.11,25.10,25.00,25.11,25.09,13.49,17.70,20.84,18.33,25.11,25.12,25.10,25.12,25.12,24.94,13.50,17.66
2026/04/09,46,20.17,18.31,22.49,22.50,22.50,22.47,22.51,22.50,12.05,15.32,20.17,18.30,22.51,22.50,22.49,22.50,22.50,22.49,12.06,15.29
2026/04/09,47,20.60,18.58,25.31,25.36,25.35,25.24,25.36,25.32,12.05,15.97,20.60,18.57,25.38,25.37,25.35,25.38,25.38,25.10,12.06,15.99
2026/04/09,48,19.39,13.74,21.48,21.51,21.51,18.91,18.74,18.83,11.96,14.35,19.39,16.01,21.51,21.51,21.49,18.73,18.74,18.83,11.99,14.36
2026/04/10,1,18.25,18.36,18.88,18.88,18.85,15.16,15.15,15.15,12.06,14.95,18.25,18.88,18.88,18.88,18.77,15.15,15.15,15.15,12.06,14.92
2026/04/10,2,17.35,18.54,18.96,18.95,18.93,14.58,14.56,14.44,13.23,12.09,17.35,18.98,18.98,18.98,18.64,14.57,14.57,14.57,13.23,12.04
2026/04/10,3,17.50,18.47,18.97,18.95,18.98,13.25,13.23,13.12,13.23,13.30,17.50,18.99,18.99,18.98,18.67,13.23,13.23,13.23,13.24,13.26
2026/04/10,4,17.64,18.32,18.87,18.86,18.88,14.77,14.43,14.29,13.52,14.38,17.64,18.89,18.89,18.89,18.60,14.43,14.43,14.43,13.52,14.34
2026/04/10,5,17.84,18.36,18.93,18.93,18.94,15.16,15.00,14.80,14.31,15.07,17.84,18.95,18.95,18.95,18.54,15.01,15.01,15.01,14.31,15.05
2026/04/10,6,18.46,18.54,19.02,19.00,19.04,17.29,17.20,17.22,14.64,17.22,18.46,19.04,19.04,19.04,18.80,17.22,17.22,17.22,14.64,17.22
2026/04/10,7,18.78,18.28,19.25,19.26,19.27,18.74,18.73,18.65,14.84,18.71,18.78,19.28,19.29,19.29,19.00,18.73,18.73,18.73,14.89,18.73
2026/04/10,8,19.06,18.88,19.51,19.59,19.59,19.59,19.60,19.52,15.34,19.58,19.06,19.59,19.60,19.60,19.40,19.60,19.60,19.60,15.36,19.60
2026/04/10,9,19.53,19.22,19.55,19.58,19.59,19.85,19.60,19.54,17.39,19.59,19.53,19.62,19.60,19.60,19.46,19.47,19.63,19.63,17.50,19.60
2026/04/10,10,19.58,19.45,19.84,19.86,19.85,20.00,19.86,19.80,17.30,19.85,19.58,19.97,19.86,19.86,19.74,19.65,19.86,19.86,17.51,19.86
2026/04/10,11,19.56,19.04,19.88,19.95,19.97,20.07,19.98,19.90,16.96,19.64,19.56,20.03,19.98,19.98,19.72,19.91,19.98,19.98,17.00,19.67
2026/04/10,12,19.50,19.43,19.81,19.96,19.98,19.10,18.73,18.67,15.35,12.01,19.50,20.00,20.00,19.99,19.67,18.68,18.78,18.73,15.37,12.06
2026/04/10,13,19.56,19.31,20.05,20.02,20.04,18.80,18.72,18.67,14.60,18.59,19.56,20.06,20.06,20.06,19.83,18.67,18.73,18.73,14.60,18.61
2026/04/10,14,19.84,20.09,20.79,20.79,20.79,18.11,17.99,17.98,14.41,17.66,19.84,20.81,20.81,20.80,20.66,17.93,18.01,18.01,14.41,17.66
2026/04/10,15,20.45,20.82,21.95,21.96,21.95,19.98,19.93,19.95,14.71,17.10,20.45,21.98,21.99,21.97,21.68,19.91,19.98,19.97,14.71,17.10
2026/04/10,16,21.31,22.50,22.99,22.97,22.99,23.00,22.98,22.80,15.01,15.29,21.31,22.86,23.00,22.98,22.89,22.90,23.00,22.96,15.01,15.29
2026/04/10,17,27.01,23.61,23.62,27.00,27.14,27.01,27.00,27.01,26.33,15.29,27.01,23.59,23.63,27.05,27.01,27.00,27.08,27.02,26.76,15.29
2026/04/10,18,27.50,23.50,23.49,29.99,30.26,30.00,30.00,30.00,29.05,12.01,27.50,23.47,23.50,30.00,30.07,29.99,30.13,30.49,29.64,12.00
2026/04/10,19,29.90,27.35,27.46,31.03,31.13,31.03,31.03,31.02,30.13,12.00,29.90,27.32,27.50,31.05,31.06,31.07,31.05,31.11,30.68,12.00
2026/04/10,20,29.56,24.84,24.96,32.23,32.42,32.23,32.23,32.21,13.52,10.61,29.56,24.81,25.00,32.24,32.29,32.27,32.33,32.48,13.52,10.61
2026/04/10,21,27.09,24.39,24.43,29.63,29.79,29.65,29.62,29.54,8.42,13.06,27.09,24.43,24.44,29.71,29.59,29.57,29.79,29.64,8.44,13.05
2026/04/10,22,27.08,20.00,24.36,29.28,29.42,29.30,29.27,29.20,8.44,9.06,27.08,20.00,24.37,29.34,29.25,29.23,29.45,29.29,8.44,9.05
2026/04/10,23,27.08,20.01,24.48,28.84,29.03,28.88,28.85,28.83,8.47,9.04,27.08,20.01,24.49,28.92,28.86,28.83,29.01,28.85,8.47,9.03
2026/04/10,24,25.12,19.81,23.48,28.00,28.24,28.03,28.00,23.61,6.91,9.04,25.12,19.81,23.49,28.10,28.05,28.00,28.15,23.61,6.91,9.04
2026/04/10,25,20.23,19.45,19.47,25.97,25.95,25.99,25.94,20.65,8.45,9.04,20.23,19.46,19.46,25.99,25.80,25.93,25.99,20.69,8.45,9.04
2026/04/10,26,20.14,18.04,18.07,27.00,27.06,27.04,27.00,20.49,8.45,9.06,20.14,18.06,18.06,27.00,27.04,27.00,27.07,20.49,8.45,9.05
2026/04/10,27,24.30,19.67,21.79,28.94,29.69,28.94,28.94,21.77,7.15,9.06,24.30,19.67,21.79,29.20,29.22,28.94,29.36,21.80,6.98,9.04
2026/04/10,28,27.22,20.01,22.00,29.64,30.44,29.64,29.64,25.65,7.06,11.98,27.22,20.00,22.00,29.90,29.96,29.63,30.10,25.65,6.97,11.99
2026/04/10,29,27.21,18.71,22.41,29.47,30.19,29.47,29.47,21.78,7.03,9.08,27.21,18.71,22.41,29.63,29.86,29.53,29.91,21.80,6.95,9.06
2026/04/10,30,23.80,18.94,23.82,27.37,27.76,27.37,27.36,20.73,7.06,9.13,23.80,18.94,23.82,27.46,27.58,27.38,27.61,20.74,6.96,9.08
2026/04/10,31,23.72,19.66,23.47,27.36,27.94,27.36,27.35,20.66,7.05,9.12,23.72,19.64,23.47,27.56,27.53,27.37,27.76,20.67,6.96,9.08
2026/04/10,32,25.19,20.59,21.64,27.37,27.97,27.36,27.36,20.08,8.83,15.55,25.19,20.60,21.64,27.56,27.62,27.39,27.73,20.09,8.71,15.51
2026/04/10,33,24.03,20.41,21.97,27.00,28.65,27.00,27.00,20.08,8.88,16.71,24.03,20.42,21.99,27.78,27.35,27.01,27.26,20.09,8.68,16.69
2026/04/10,34,24.32,20.45,21.98,27.00,28.22,27.01,27.00,20.67,9.36,20.67,24.32,20.44,21.99,27.55,27.29,27.00,27.24,20.67,9.15,20.67
2026/04/10,35,27.27,21.98,21.97,27.00,28.49,26.99,27.00,20.99,8.71,17.69,27.27,21.97,21.99,27.68,27.35,27.00,27.25,21.00,8.45,17.67
2026/04/10,36,27.18,21.98,21.97,26.99,28.04,27.00,27.00,26.77,7.15,20.03,27.18,21.97,21.99,27.22,27.85,27.00,27.24,26.80,7.00,20.02
2026/04/10,37,27.13,20.60,26.97,26.98,27.72,27.00,27.00,26.98,7.15,26.96,27.13,20.66,26.99,26.99,27.12,27.00,27.28,28.54,7.00,27.00
2026/04/10,38,27.21,19.44,26.99,26.99,28.07,27.01,27.01,27.00,7.16,26.92,27.21,19.39,27.01,26.99,27.29,27.00,27.28,29.28,7.01,27.00
2026/04/10,39,27.10,19.40,27.00,27.00,27.52,27.00,27.00,26.99,6.98,22.40,27.10,19.40,27.03,27.04,27.10,27.00,27.09,28.29,6.94,22.02
2026/04/10,40,21.89,19.41,23.38,23.43,23.94,23.42,23.43,23.36,6.98,19.53,21.89,19.41,23.44,23.44,23.38,23.44,23.60,24.82,6.94,19.55
2026/04/10,41,20.85,19.32,20.83,20.83,21.00,20.83,20.84,20.79,6.98,18.62,20.85,19.51,20.86,20.84,20.77,20.84,20.92,20.93,6.94,18.71
2026/04/10,42,20.31,19.18,20.65,20.66,20.98,20.65,20.66,20.61,8.23,18.03,20.31,19.39,20.90,20.66,20.63,20.66,20.74,20.75,8.37,18.09
2026/04/10,43,20.11,18.49,20.20,20.21,20.71,20.13,20.12,20.12,14.76,18.99,20.11,18.59,20.21,20.41,20.44,20.12,20.16,20.13,14.62,18.98
2026/04/10,44,18.42,17.93,18.00,18.00,19.00,18.73,18.69,18.70,16.14,18.72,18.42,18.03,18.01,18.04,18.71,18.73,18.73,19.27,16.11,18.73
2026/04/10,45,19.05,17.77,19.29,19.30,19.69,18.82,18.74,18.73,15.41,18.72,19.05,17.78,19.31,19.47,19.54,18.73,18.75,18.80,15.34,18.74
2026/04/10,46,19.80,15.99,17.99,21.20,21.21,17.01,16.87,16.88,14.45,16.90,19.80,16.00,18.03,21.25,20.92,16.88,17.02,16.92,14.40,16.94
2026/04/10,47,19.07,15.99,18.50,20.41,20.84,16.87,16.77,16.76,14.79,16.78,19.07,16.00,18.51,20.67,20.43,16.76,16.79,16.80,14.70,16.78
2026/04/10,48,18.51,14.27,14.23,19.53,20.04,16.88,16.77,16.74,14.84,11.04,18.51,14.23,14.22,19.90,19.43,16.76,16.83,16.78,14.70,11.02
2026/04/11,1,16.47,16.98,17.04,17.23,17.25,14.89,14.89,14.87,13.71,14.88,16.47,16.98,17.06,17.24,17.25,14.89,14.89,14.88,13.73,14.85
2026/04/11,2,16.23,16.07,16.06,18.07,18.13,14.76,14.76,14.68,13.13,14.74,16.23,16.06,16.07,18.08,18.15,14.76,14.76,14.77,13.18,14.66
2026/04/11,3,16.31,10.02,10.01,18.81,18.84,14.32,14.32,14.21,10.54,14.30,16.31,10.00,10.01,18.82,18.85,14.32,14.32,14.33,10.51,14.24
2026/04/11,4,16.48,9.96,9.95,19.19,19.49,14.32,14.32,14.32,10.54,14.30,16.48,9.94,9.95,19.45,19.19,14.32,14.32,14.33,10.51,14.30
2026/04/11,5,16.48,13.32,13.34,19.04,19.16,14.19,14.19,14.18,13.09,14.17,16.48,13.32,13.34,19.15,19.04,14.19,14.19,14.21,13.14,14.14
2026/04/11,6,16.95,15.00,15.00,19.18,19.33,14.89,14.87,14.85,13.87,14.87,16.95,14.99,15.00,19.31,19.18,14.89,14.89,14.89,14.02,14.76
2026/04/11,7,17.08,10.53,10.35,20.00,20.12,14.89,14.73,14.86,14.84,14.88,17.08,10.35,10.39,20.08,20.05,14.89,14.89,14.89,14.89,14.54
2026/04/11,8,17.60,11.34,11.02,19.99,20.16,16.57,16.30,16.55,15.32,16.36,17.60,11.01,11.08,20.10,20.04,16.60,16.60,16.60,15.36,15.82
2026/04/11,9,15.03,10.68,10.36,14.10,16.75,16.65,16.39,16.61,16.63,16.53,15.03,10.35,10.42,14.14,16.79,16.66,16.66,16.67,16.66,15.90
2026/04/11,10,17.78,12.83,12.77,19.18,19.20,16.72,16.81,17.05,17.04,17.00,17.78,12.79,12.78,19.19,19.18,17.09,17.09,17.09,17.06,16.33
2026/04/11,11,17.60,15.00,15.00,18.99,19.10,16.70,16.61,16.89,16.88,16.83,17.60,15.00,15.00,19.00,19.13,16.93,16.93,16.93,16.90,16.26
2026/04/11,12,16.54,13.01,13.01,18.07,18.22,15.00,14.83,14.85,14.86,14.88,16.54,13.01,13.01,18.08,18.27,14.89,14.90,14.91,14.91,14.75
2026/04/11,13,14.92,9.17,9.18,16.60,16.68,14.79,14.35,14.36,13.44,14.35,14.92,9.17,9.17,16.63,16.65,14.36,14.40,14.43,13.43,14.38
2026/04/11,14,10.08,5.69,5.02,13.21,13.33,13.41,13.20,13.21,8.70,9.03,10.08,5.07,5.14,13.28,13.23,13.21,13.27,13.22,8.64,9.03
2026/04/11,15,8.12,3.61,3.51,10.11,10.30,11.26,10.10,10.10,8.47,8.64,8.12,3.54,3.52,10.28,10.22,10.10,10.21,10.15,8.46,8.63
2026/04/11,16,7.72,2.05,2.06,13.76,10.15,10.47,10.00,10.00,6.92,8.57,7.72,2.05,2.05,13.76,10.11,10.00,10.03,10.09,6.91,8.64
2026/04/11,17,8.08,2.95,2.95,13.74,7.43,7.65,7.42,7.38,2.91,0.62,8.08,2.95,2.95,13.73,7.51,7.46,7.46,7.46,2.90,0.79
2026/04/11,18,2.99,0.03,0.03,13.76,7.41,7.56,7.54,7.40,0.01,0.02,2.99,0.03,0.03,13.76,7.56,7.58,7.58,7.57,0.01,0.16
2026/04/11,19,1.08,0.01,0.01,10.65,8.86,8.96,8.93,8.47,0.01,0.01,1.08,0.01,0.01,10.65,8.96,8.96,8.97,8.96,0.01,0.11
2026/04/11,20,0.07,0.01,0.01,2.90,1.17,1.00,1.00,0.99,0.01,0.02,0.07,0.01,0.01,2.91,1.05,1.10,1.05,1.06,0.01,0.09
2026/04/11,21,0.03,0.01,0.01,0.13,0.08,0.01,0.01,0.01,0.01,0.01,0.03,0.01,0.01,0.15,0.01,0.06,0.02,0.02,0.01,0.05
2026/04/11,22,0.03,0.03,0.01,0.06,0.03,0.01,0.01,0.01,0.01,0.01,0.03,0.01,0.01,0.08,0.01,0.03,0.01,0.02,0.01,0.02
2026/04/11,23,0.04,0.02,0.01,0.08,0.01,0.01,0.01,0.01,0.01,0.01,0.04,0.01,0.01,0.10,0.01,0.01,0.01,0.01,0.01,0.01
2026/04/11,24,0.02,0.01,0.01,0.13,0.01,0.01,0.01,0.01,0.01,0.01,0.02,0.01,0.01,0.15,0.01,0.01,0.01,0.01,0.01,0.01
2026/04/11,25,0.03,0.01,0.01,0.15,0.01,0.01,0.01,0.01,0.01,0.01,0.03,0.01,0.01,0.17,0.01,0.01,0.01,0.01,0.01,0.01
2026/04/11,26,0.03,0.01,0.01,1.03,0.01,0.01,0.01,0.01,0.01,0.01,0.03,0.01,0.01,1.04,0.01,0.01,0.01,0.01,0.01,0.01
2026/04/11,27,0.05,0.01,0.01,5.01,0.01,0.01,0.01,0.01,0.01,0.01,0.05,0.01,0.01,5.01,0.01,0.01,0.01,0.01,0.01,0.01
2026/04/11,28,0.05,0.01,0.01,11.45,0.01,0.01,0.01,0.01,0.01,0.01,0.05,0.01,0.01,11.44,0.01,0.01,0.01,0.01,0.01,0.01
2026/04/11,29,0.08,0.01,0.01,13.23,0.07,0.01,0.01,0.01,0.01,0.01,0.08,0.01,0.01,13.24,0.01,0.04,0.02,0.02,0.01,0.05
2026/04/11,30,0.06,0.02,0.01,13.77,0.12,0.03,0.03,0.03,0.01,0.01,0.06,0.01,0.01,13.77,0.04,0.07,0.05,0.06,0.01,0.05
2026/04/11,31,1.06,0.03,0.01,15.78,8.24,8.60,8.63,8.34,0.01,0.01,1.06,0.02,0.01,15.78,8.65,8.67,8.67,8.63,0.01,0.10
2026/04/11,32,2.08,0.40,0.30,13.76,10.89,11.08,11.02,10.44,0.01,0.01,2.08,0.35,0.31,13.76,10.98,11.11,11.17,10.95,0.01,0.12
2026/04/11,33,3.06,1.50,1.01,17.54,4.61,4.60,4.61,4.67,0.07,0.01,3.06,1.21,1.09,17.54,4.64,4.68,4.61,4.58,0.03,0.01
2026/04/11,34,5.06,5.49,5.01,13.78,6.83,6.82,6.80,6.75,0.10,3.01,5.06,5.01,5.12,13.79,6.80,6.82,6.83,6.76,0.04,3.00
2026/04/11,35,11.29,8.28,8.27,17.53,12.03,10.67,10.65,10.67,3.00,9.03,11.29,8.26,8.27,17.53,11.98,10.66,10.66,10.66,3.00,9.03
2026/04/11,36,15.84,13.12,13.12,18.22,18.25,14.85,14.82,14.85,8.52,11.86,15.84,13.12,13.11,18.24,18.17,14.83,14.82,14.83,8.46,11.93
2026/04/11,37,16.99,12.36,12.29,18.33,18.50,18.44,18.39,18.36,14.85,15.45,16.99,12.30,12.30,18.45,18.12,18.41,18.42,18.44,14.91,15.47
2026/04/11,38,16.47,10.49,10.36,19.36,16.82,15.98,15.91,15.88,15.20,15.91,16.47,10.38,10.38,19.44,16.62,15.86,15.98,15.98,15.37,15.78
2026/04/11,39,16.33,10.53,10.36,18.93,16.55,15.97,15.94,15.91,15.75,15.92,16.33,10.41,10.38,18.97,16.41,15.95,15.98,15.98,15.97,15.80
2026/04/11,40,16.26,10.53,10.36,19.38,16.54,14.84,14.80,14.74,14.80,14.80,16.26,10.42,10.38,19.40,16.36,14.83,14.84,14.84,14.77,14.76
2026/04/11,41,15.94,10.36,10.30,18.02,16.47,14.76,14.68,14.66,14.72,14.72,15.94,10.31,10.30,18.06,16.33,14.74,14.76,14.76,14.64,14.62
2026/04/11,42,15.90,9.25,9.18,18.75,16.32,14.50,14.33,14.41,14.46,14.46,15.90,9.20,9.18,18.76,16.15,14.47,14.50,14.50,14.37,14.21
2026/04/11,43,15.98,6.16,6.01,18.97,17.86,12.00,11.84,11.97,11.99,11.95,15.98,6.04,6.03,19.01,17.64,11.98,12.00,12.00,11.85,11.71
2026/04/11,44,15.59,5.14,5.01,18.02,17.23,13.43,13.40,13.40,13.41,13.39,15.59,5.06,5.02,18.01,17.21,13.43,13.43,13.43,13.30,13.41
2026/04/11,45,16.09,1.94,1.02,18.36,18.39,14.20,14.17,14.10,14.13,14.12,16.09,1.30,1.17,18.39,18.32,14.19,14.19,14.15,14.18,14.07
2026/04/11,46,15.46,1.72,1.01,18.02,18.05,12.01,11.94,11.87,12.01,11.96,15.46,1.23,1.14,18.04,17.99,11.96,12.00,12.00,12.00,11.81
2026/04/11,47,15.52,1.69,1.01,18.05,18.08,12.51,12.43,12.38,12.48,12.38,15.52,1.22,1.13,18.08,17.99,12.47,12.50,12.47,12.46,12.30
