年月日,時刻コード,始値(円/kWh),高値(円/kWh),安値(円/kWh),終値(円/kWh),平均(円/kWh),約定量合計(kWh),約定件数
2026/04/01,1,20.10,22.61,8.52,9.48,16.72,301050,140
2026/04/01,2,18.94,22.57,7.63,19.44,16.85,320350,150
2026/04/01,3,16.50,18.60,8.78,14.83,15.20,569300,186
2026/04/01,4,16.50,19.45,8.28,15.55,15.51,846250,237
2026/04/01,5,16.50,20.07,8.53,16.17,15.71,766250,227
2026/04/01,6,16.50,21.93,8.53,15.93,16.00,752250,247
2026/04/01,7,19.30,24.00,7.00,7.00,15.60,620250,231
2026/04/01,8,19.60,23.78,6.86,16.02,16.55,705950,255
2026/04/01,9,19.71,23.71,10.00,16.92,16.77,624300,266
2026/04/01,10,19.80,23.91,10.00,16.97,17.02,626000,278
2026/04/01,11,20.53,21.53,9.50,17.09,16.61,619900,261
2026/04/01,12,20.70,21.80,7.00,12.21,15.62,577300,247
2026/04/01,13,21.04,21.04,6.86,18.49,16.04,600950,276
2026/04/01,14,20.72,21.01,9.50,16.08,16.67,556800,300
2026/04/01,15,20.00,20.00,9.50,18.88,16.21,747400,326
2026/04/01,16,19.60,20.58,7.49,19.71,15.85,687550,324
2026/04/01,17,16.00,25.13,9.02,24.90,17.75,836550,339
2026/04/01,18,11.91,32.40,9.01,23.48,19.54,923600,304
2026/04/01,19,22.76,23.06,7.64,7.79,15.15,1456800,452
2026/04/01,20,9.90,23.39,9.00,9.11,16.44,1249100,444
2026/04/01,21,7.91,25.01,7.49,10.90,18.13,1186150,421
2026/04/01,22,7.91,25.01,6.00,11.34,18.64,1108050,435
2026/04/01,23,7.91,31.22,6.00,13.50,20.32,1194350,464
2026/04/01,24,7.73,35.40,5.80,24.91,21.12,1099700,425
2026/04/01,25,7.91,30.00,6.00,11.99,19.26,999300,433
2026/04/01,26,30.22,31.22,6.78,8.77,19.71,1010850,438
2026/04/01,27,40.00,44.70,6.70,11.76,29.46,1187800,446
2026/04/01,28,39.70,45.40,7.00,16.30,30.97,1267900,479
2026/04/01,29,39.70,43.51,10.00,14.63,30.73,1236100,466
2026/04/01,30,39.70,42.62,7.55,11.00,31.31,1178050,458
2026/04/01,31,39.70,42.89,6.73,15.41,28.81,1111450,454
2026/04/01,32,32.00,32.00,6.76,15.01,22.80,1004950,463
2026/04/01,33,32.58,32.58,7.51,15.00,22.67,782500,408
2026/04/01,34,35.83,35.83,6.78,35.83,25.19,772950,416
2026/04/01,35,32.00,32.11,6.76,26.50,24.42,635250,414
2026/04/01,36,39.70,43.44,6.00,14.55,29.34,892150,458
2026/04/01,37,38.00,39.60,5.85,21.50,28.86,835500,408
2026/04/01,38,38.00,38.54,5.83,27.95,30.14,847600,398
2026/04/01,39,31.70,31.90,10.05,31.90,26.62,673450,390
2026/04/01,40,31.03,31.03,7.58,25.07,25.15,616400,393
2026/04/01,41,23.61,24.01,7.64,18.28,21.72,591700,424
2026/04/01,42,23.80,24.38,7.64,24.32,21.71,567600,393
2026/04/01,43,23.50,23.55,7.62,20.30,18.92,1014100,506
2026/04/01,44,22.10,22.28,7.91,22.18,19.00,871350,413
2026/04/01,45,21.40,21.50,6.00,18.49,18.44,769800,431
2026/04/01,46,21.20,21.37,7.60,16.22,16.91,801150,397
2026/04/01,47,21.10,21.40,10.53,17.25,17.85,744150,415
2026/04/01,48,20.85,20.95,8.80,16.51,17.05,678900,382
2026/04/02,1,21.47,22.07,0.01,11.29,15.22,410850,156
2026/04/02,2,19.92,24.12,8.29,9.36,17.20,345500,141
2026/04/02,3,19.67,39.08,8.89,19.78,21.90,269400,128
2026/04/02,4,19.56,39.89,9.01,18.99,19.02,358350,147
2026/04/02,5,18.33,39.90,0.11,16.94,17.29,434250,152
2026/04/02,6,19.53,40.17,10.40,18.14,17.96,433100,157
2026/04/02,7,19.71,40.25,10.30,19.82,20.51,359200,144
2026/04/02,8,19.61,41.87,10.30,18.30,21.02,367000,148
2026/04/02,9,15.37,40.73,7.95,16.17,22.91,227950,125
2026/04/02,10,20.25,39.04,7.82,17.89,20.98,289900,154
2026/04/02,11,21.99,38.85,7.83,16.25,22.32,253500,136
2026/04/02,12,21.98,40.28,7.80,22.69,23.54,255400,126
2026/04/02,13,22.87,26.08,9.30,14.81,17.37,700500,223
2026/04/02,14,25.00,26.01,9.30,13.51,17.70,759500,260
2026/04/02,15,31.93,32.00,8.01,16.55,21.70,525400,238
2026/04/02,16,29.00,31.90,3.64,3.64,22.00,425250,230
2026/04/02,17,47.00,47.00,6.84,31.51,24.28,587150,267
2026/04/02,18,31.00,31.90,6.88,25.03,20.50,377400,249
2026/04/02,19,23.47,25.47,1.80,16.01,17.84,423850,248
2026/04/02,20,23.88,25.18,0.01,16.00,17.71,604100,315
2026/04/02,21,23.11,23.52,0.01,6.23,13.49,383900,260
2026/04/02,22,7.00,26.09,0.01,4.52,13.89,441050,274
2026/04/02,23,3.00,22.70,0.01,13.50,10.53,397300,267
2026/04/02,24,45.00,45.60,0.01,1.77,18.34,629250,316
2026/04/02,25,0.01,25.34,0.01,18.00,8.76,656250,340
2026/04/02,26,22.68,22.78,0.01,0.02,9.04,580550,308
2026/04/02,27,23.62,23.62,0.01,13.52,12.16,498350,301
2026/04/02,28,23.32,23.32,0.01,9.00,12.35,569300,329
2026/04/02,29,10.00,23.41,0.01,16.01,10.32,774750,354
2026/04/02,30,22.01,22.51,0.01,2.00,10.69,673300,364
2026/04/02,31,1.80,21.89,0.01,21.82,13.41,470750,354
2026/04/02,32,21.87,22.60,0.01,7.99,13.72,658700,393
2026/04/02,33,22.84,23.25,6.00,16.01,14.38,686000,356
2026/04/02,34,25.60,30.00,8.68,18.00,21.49,630600,372
2026/04/02,35,25.06,25.06,9.03,14.99,19.12,560600,348
2026/04/02,36,23.70,23.70,11.39,15.00,18.23,727400,385
2026/04/02,37,24.18,24.18,13.76,22.69,19.51,813950,353
2026/04/02,38,17.91,24.20,12.00,15.70,19.20,857250,361
2026/04/02,39,18.78,27.28,12.00,19.30,21.10,885600,369
2026/04/02,40,24.30,27.00,7.98,19.00,22.05,711000,348
2026/04/02,41,18.65,27.00,7.74,18.01,19.74,750150,389
2026/04/02,42,22.93,26.67,7.73,21.00,20.16,727950,377
2026/04/02,43,18.30,30.00,6.81,11.00,20.65,720050,354
2026/04/02,44,38.00,40.74,10.50,25.00,24.18,794800,350
2026/04/02,45,17.74,39.88,10.30,10.99,22.38,870300,322
2026/04/02,46,38.00,40.63,0.01,9.00,21.76,820900,301
2026/04/02,47,29.90,30.00,10.00,21.02,20.29,777550,340
2026/04/02,48,23.47,24.27,7.62,11.00,18.36,693650,327
2026/04/03,1,22.39,25.79,0.01,10.80,20.13,605950,196
2026/04/03,2,21.27,24.67,0.01,21.40,19.27,511600,161
2026/04/03,3,15.40,22.33,5.51,10.60,15.19,436250,130
2026/04/03,4,20.85,24.25,6.93,18.01,18.83,487150,140
2026/04/03,5,21.85,25.25,6.95,18.67,20.56,447700,138
2026/04/03,6,22.57,24.07,6.95,20.01,18.26,404800,148
2026/04/03,7,24.00,24.50,6.95,19.00,20.72,528650,157
2026/04/03,8,24.46,24.96,6.95,17.71,20.42,536350,169
2026/04/03,9,30.53,31.43,6.95,20.07,22.75,409350,170
2026/04/03,10,9.41,32.46,6.95,19.01,22.86,419400,182
2026/04/03,11,33.71,39.11,6.95,18.73,28.33,566350,213
2026/04/03,12,33.11,40.11,6.94,21.90,29.74,747500,243
2026/04/03,13,34.00,36.66,16.00,36.55,28.91,562450,241
2026/04/03,14,23.43,24.43,6.57,15.01,18.78,554700,196
2026/04/03,15,17.51,21.64,1.80,10.01,16.36,395250,201
2026/04/03,16,1.00,20.24,0.02,6.01,13.70,405750,201
2026/04/03,17,19.92,20.16,0.10,5.01,10.83,604850,225
2026/04/03,18,13.40,22.92,0.01,5.88,10.37,468650,218
2026/04/03,19,10.00,10.06,0.01,7.65,8.14,599950,239
2026/04/03,20,2.05,24.55,0.01,0.21,7.19,867200,319
2026/04/03,21,11.40,18.92,0.01,8.00,5.31,852000,347
2026/04/03,22,0.01,13.10,0.01,0.20,4.86,829550,317
2026/04/03,23,0.01,7.40,0.01,0.20,2.66,668750,275
2026/04/03,24,0.01,4.00,0.01,0.12,1.89,809750,294
2026/04/03,25,0.01,4.70,0.01,0.12,1.39,593700,270
2026/04/03,26,3.00,4.50,0.01,4.50,1.16,591750,249
2026/04/03,27,0.01,13.00,0.01,11.85,7.05,584300,281
2026/04/03,28,1.00,12.50,0.01,0.20,6.46,675700,313
2026/04/03,29,8.68,8.68,0.01,0.21,4.38,856700,350
2026/04/03,30,0.01,10.10,0.01,8.01,5.69,781100,316
2026/04/03,31,0.01,14.65,0.01,3.55,6.37,776250,340
2026/04/03,32,2.65,19.88,0.01,5.01,11.20,757800,355
2026/04/03,33,100.00,100.00,0.01,15.01,14.88,622450,305
2026/04/03,34,1.02,21.77,0.31,15.01,16.60,697250,309
2026/04/03,35,22.03,22.38,1.80,21.63,17.99,545050,274
2026/04/03,36,19.56,30.72,0.10,20.01,23.10,554100,329
2026/04/03,37,30.53,31.14,6.00,23.11,24.76,571100,323
2026/04/03,38,24.77,26.00,7.13,20.05,22.79,746000,347
2026/04/03,39,45.00,50.98,7.03,50.01,39.07,763400,307
2026/04/03,40,40.01,50.00,7.03,50.00,35.67,626550,301
2026/04/03,41,45.00,51.50,6.93,35.01,37.46,829850,350
2026/04/03,42,37.00,44.00,6.95,35.00,30.26,992550,369
2026/04/03,43,35.32,37.92,7.15,37.92,27.16,773300,325
2026/04/03,44,29.10,29.97,6.95,18.20,18.00,817400,329
2026/04/03,45,22.70,22.70,5.98,18.71,17.60,517100,249
2026/04/03,46,100.00,100.00,6.22,20.10,19.26,887100,278
2026/04/03,47,24.10,25.09,6.28,24.90,18.93,578850,268
2026/04/03,48,24.30,25.30,6.22,20.00,18.12,661850,293
2026/04/04,1,20.94,21.05,0.01,15.47,15.31,249450,117
2026/04/04,2,21.40,22.10,0.01,10.80,15.39,219700,124
2026/04/04,3,20.20,23.60,0.01,14.01,15.87,239400,123
2026/04/04,4,19.90,22.28,1.95,16.44,15.32,237400,102
2026/04/04,5,20.00,23.90,8.00,23.90,16.40,242600,122
2026/04/04,6,20.02,23.90,6.91,18.12,17.35,221250,114
2026/04/04,7,20.00,27.71,6.86,14.67,18.37,270250,124
2026/04/04,8,20.00,33.35,6.86,19.61,18.99,359300,144
2026/04/04,9,20.15,33.49,6.86,14.27,20.48,274750,110
2026/04/04,10,20.58,29.10,10.59,14.01,17.54,349850,139
2026/04/04,11,20.57,28.90,6.86,14.65,16.50,391500,144
2026/04/04,12,20.00,22.31,6.86,20.01,15.81,345950,140
2026/04/04,13,21.00,21.46,8.88,17.09,15.25,452150,175
2026/04/04,14,21.00,21.01,6.86,14.01,16.97,355250,147
2026/04/04,15,19.98,23.98,6.86,11.01,17.68,371450,142
2026/04/04,16,19.02,21.01,5.00,9.40,16.65,349900,140
2026/04/04,17,5.01,24.05,4.90,9.99,15.97,427650,185
2026/04/04,18,3.55,21.16,2.95,4.99,16.50,316350,160
2026/04/04,19,5.01,21.78,5.00,12.01,16.41,350300,169
2026/04/04,20,25.00,25.18,4.37,18.53,18.63,414800,191
2026/04/04,21,21.38,21.48,3.70,17.09,15.63,445250,236
2026/04/04,22,30.72,31.72,5.08,12.62,22.86,639200,258
2026/04/04,23,20.39,22.02,0.01,10.19,15.92,448050,230
2026/04/04,24,33.00,37.06,2.50,14.31,23.14,539800,256
2026/04/04,25,32.00,32.92,0.01,9.04,21.85,487850,264
2026/04/04,26,14.89,28.77,0.01,28.76,21.47,376300,236
2026/04/04,27,13.04,29.11,0.01,15.20,21.30,372600,212
2026/04/04,28,21.69,21.69,0.01,12.78,17.37,406800,204
2026/04/04,29,29.47,29.57,0.01,17.01,21.76,363050,242
2026/04/04,30,28.76,28.87,0.01,16.33,21.64,386850,241
2026/04/04,31,32.00,35.70,0.01,17.01,25.82,638550,314
2026/04/04,32,34.00,38.57,0.01,9.53,28.47,651450,313
2026/04/04,33,32.81,36.54,0.01,19.08,25.04,575850,298
2026/04/04,34,29.11,32.21,0.01,17.48,22.56,461350,255
2026/04/04,35,29.47,32.57,0.01,18.83,19.78,623900,286
2026/04/04,36,28.66,31.51,0.01,18.59,19.17,705150,314
2026/04/04,37,21.25,30.00,5.91,30.00,16.76,657750,340
2026/04/04,38,18.75,35.70,5.94,18.50,17.66,708250,322
2026/04/04,39,18.74,35.50,5.93,18.99,16.80,770500,328
2026/04/04,40,18.54,25.00,5.90,18.00,15.68,715100,342
2026/04/04,41,16.79,36.09,0.01,15.15,17.63,657250,320
2026/04/04,42,16.59,24.03,0.01,14.47,16.65,567300,269
2026/04/04,43,20.21,25.00,0.01,14.57,17.03,872700,340
2026/04/04,44,18.64,25.00,0.01,14.67,16.55,640900,262
2026/04/04,45,17.93,22.03,0.01,22.03,14.89,527800,257
2026/04/04,46,17.15,22.78,0.01,19.15,15.57,543200,254
2026/04/04,47,15.78,25.00,0.01,14.47,15.87,616700,247
2026/04/04,48,17.54,22.14,0.01,16.60,16.09,331800,221
2026/04/05,1,10.53,999.00,0.01,100.00,174.49,485600,142
2026/04/05,2,10.15,999.00,0.01,100.00,105.31,380050,122
2026/04/05,3,10.11,999.00,0.01,30.00,102.93,379300,127
2026/04/05,4,10.11,999.00,0.01,30.00,98.76,399400,132
2026/04/05,5,10.15,23.13,0.01,19.07,19.24,341750,123
2026/04/05,6,19.25,23.16,0.01,20.79,19.56,324050,119
2026/04/05,7,14.00,23.64,0.01,18.23,18.76,369100,135
2026/04/05,8,19.34,23.19,0.01,19.34,18.41,412750,142
2026/04/05,9,16.43,23.35,0.01,18.92,17.82,614850,178
2026/04/05,10,17.87,23.13,0.01,12.01,19.83,352000,121
2026/04/05,11,19.10,22.96,0.01,16.64,17.31,449450,153
2026/04/05,12,18.74,22.94,0.01,12.72,19.36,345950,127
2026/04/05,13,17.35,21.22,0.01,14.49,15.49,657900,195
2026/04/05,14,13.70,20.99,0.01,14.00,15.36,384850,167
2026/04/05,15,12.54,17.04,0.01,9.08,13.57,602650,168
2026/04/05,16,1.80,30.97,0.01,8.19,11.44,564200,190
2026/04/05,17,0.01,24.48,0.01,8.19,7.01,961850,283
2026/04/05,18,0.01,22.88,0.01,4.01,4.41,1274550,359
2026/04/05,19,0.01,21.33,0.01,2.96,7.12,550950,209
2026/04/05,20,0.01,21.56,0.01,15.36,7.49,508850,204
2026/04/05,21,0.01,22.46,0.01,15.45,6.25,566350,264
2026/04/05,22,0.01,21.34,0.01,15.00,5.98,627550,281
2026/04/05,23,0.01,21.26,0.01,12.56,6.10,487950,224
2026/04/05,24,0.01,30.00,0.01,30.00,6.18,550250,238
2026/04/05,25,0.01,21.66,0.01,12.85,6.99,539400,197
2026/04/05,26,0.01,23.75,0.01,0.01,6.92,483500,190
2026/04/05,27,0.01,30.00,0.01,0.01,7.32,710600,217
2026/04/05,28,0.01,30.00,0.01,30.00,6.75,529650,240
2026/04/05,29,0.01,200.00,0.01,1.10,12.16,597600,277
2026/04/05,30,0.01,24.28,0.01,2.95,7.92,527650,219
2026/04/05,31,0.01,30.00,0.01,7.02,8.16,552100,238
2026/04/05,32,0.01,30.00,0.01,2.17,5.99,821850,325
2026/04/05,33,0.01,30.00,0.01,4.70,5.37,1012500,356
2026/04/05,34,28.69,48.01,1.00,5.80,11.19,754100,267
2026/04/05,35,7.33,30.00,5.82,8.49,18.16,384150,194
2026/04/05,36,28.16,28.52,1.54,7.03,15.30,393850,216
2026/04/05,37,27.93,29.05,7.52,28.94,15.86,448050,238
2026/04/05,38,32.29,35.00,7.50,26.21,16.23,480800,226
2026/04/05,39,27.99,29.50,6.90,14.33,15.14,515750,231
2026/04/05,40,27.30,29.29,7.00,14.57,15.16,538250,240
2026/04/05,41,28.00,28.23,7.00,13.93,14.83,479750,220
2026/04/05,42,28.00,28.41,6.01,28.41,13.90,582350,240
2026/04/05,43,28.00,32.04,6.73,20.51,17.73,646450,273
2026/04/05,44,25.00,27.62,5.99,8.68,17.53,446450,199
2026/04/05,45,14.46,25.06,5.97,21.19,15.04,381850,173
2026/04/05,46,9.57,25.45,5.92,9.37,12.07,402650,181
2026/04/05,47,20.70,25.00,5.92,19.20,13.78,425200,188
2026/04/05,48,19.03,22.84,5.91,6.95,15.21,237650,165
2026/04/06,1,14.53,18.72,1.00,13.43,10.15,321850,82
2026/04/06,2,17.53,18.00,1.00,18.00,11.81,215300,73
2026/04/06,3,17.00,17.89,1.00,17.00,11.90,220400,71
2026/04/06,4,16.88,17.88,1.00,17.00,13.02,177250,72
2026/04/06,5,16.80,18.17,1.00,14.00,14.83,192550,61
2026/04/06,6,17.16,18.76,1.00,14.89,15.06,173150,64
2026/04/06,7,18.88,22.50,5.78,17.00,15.20,232300,91
2026/04/06,8,16.75,22.50,5.81,18.27,15.80,174250,101
2026/04/06,9,17.15,23.00,7.65,18.00,16.02,169650,90
2026/04/06,10,17.34,23.00,7.61,12.61,15.51,170600,84
2026/04/06,11,19.80,23.50,7.61,19.90,17.18,213050,103
2026/04/06,12,20.10,24.00,7.61,20.19,16.99,207150,111
2026/04/06,13,19.41,19.61,7.61,14.01,15.81,320350,108
2026/04/06,14,16.76,22.43,6.63,18.71,17.13,321850,149
2026/04/06,15,15.49,22.09,7.69,16.97,16.29,342900,153
2026/04/06,16,16.15,26.82,0.01,26.82,15.61,300200,149
2026/04/06,17,9.25,30.00,0.01,11.33,11.08,321550,126
2026/04/06,18,9.79,26.85,0.01,8.21,13.51,488500,159
2026/04/06,19,8.10,9.66,0.01,7.61,7.85,425950,187
2026/04/06,20,1.80,9.18,0.01,3.04,4.87,358200,199
2026/04/06,21,1.80,5.50,0.01,5.50,3.36,456150,216
2026/04/06,22,1.80,5.00,0.01,3.00,2.42,306700,192
2026/04/06,23,0.01,9.68,0.01,8.51,6.13,430150,229
2026/04/06,24,0.01,17.16,0.01,10.00,7.89,301000,193
2026/04/06,25,0.01,17.17,0.01,3.14,3.55,443150,248
2026/04/06,26,0.95,4.95,0.01,0.02,1.91,502400,258
2026/04/06,27,0.50,18.00,0.01,6.29,7.03,330750,222
2026/04/06,28,4.00,17.47,0.01,5.00,9.04,685050,239
2026/04/06,29,8.51,21.19,0.01,10.71,12.43,622000,291
2026/04/06,30,8.51,21.50,0.01,6.60,11.60,255850,218
2026/04/06,31,15.00,25.50,0.01,7.59,13.31,303350,235
2026/04/06,32,11.90,25.89,1.80,15.99,13.46,469250,251
2026/04/06,33,18.64,28.33,5.25,9.69,19.76,372200,304
2026/04/06,34,24.55,32.13,5.39,10.04,20.37,508300,298
2026/04/06,35,29.90,38.00,1.00,19.00,22.72,910000,379
2026/04/06,36,29.90,40.72,1.00,25.13,22.42,965550,372
2026/04/06,37,35.62,38.00,1.00,37.19,21.35,1057650,370
2026/04/06,38,36.47,38.40,8.37,8.65,21.86,989950,354
2026/04/06,39,27.61,29.21,5.87,29.11,17.17,859300,314
2026/04/06,40,25.50,28.28,7.47,15.94,15.71,838150,304
2026/04/06,41,15.64,26.28,7.39,14.14,16.47,936250,343
2026/04/06,42,24.51,26.61,7.40,14.47,15.60,805350,303
2026/04/06,43,10.35,27.00,8.40,10.45,14.05,790500,281
2026/04/06,44,14.26,23.95,8.37,14.36,15.14,752550,276
2026/04/06,45,11.90,22.00,1.00,12.00,13.88,568550,241
2026/04/06,46,9.50,22.00,1.00,9.50,15.05,439000,237
2026/04/06,47,10.09,20.37,1.00,19.37,13.96,497250,203
2026/04/06,48,8.74,20.51,1.00,18.51,17.88,236850,167
2026/04/07,1,17.61,19.10,8.39,17.76,15.84,168650,112
2026/04/07,2,18.05,18.45,6.93,18.16,12.91,229350,118
2026/04/07,3,16.50,18.20,6.93,18.20,13.14,204050,108
2026/04/07,4,8.93,17.63,7.05,7.05,12.70,277900,111
2026/04/07,5,16.50,17.55,8.94,17.55,12.76,249500,95
2026/04/07,6,16.50,18.45,10.19,14.00,15.49,148500,79
2026/04/07,7,18.06,18.46,8.40,12.80,15.74,159300,116
2026/04/07,8,16.50,18.17,10.00,18.16,15.02,160600,131
2026/04/07,9,16.58,18.58,9.03,16.00,15.50,156100,121
2026/04/07,10,16.71,18.72,9.03,18.00,15.09,200100,134
2026/04/07,11,18.87,18.97,11.61,18.00,16.05,200600,148
2026/04/07,12,18.78,19.28,14.30,19.28,16.08,207750,107
2026/04/07,13,18.96,19.36,14.00,19.36,15.82,196850,125
2026/04/07,14,19.10,19.10,10.00,14.18,15.95,304700,127
2026/04/07,15,19.99,19.99,6.90,16.20,16.29,224800,162
2026/04/07,16,20.19,20.19,6.92,14.00,16.78,330800,221
2026/04/07,17,21.00,21.78,8.40,16.01,18.34,253050,218
2026/04/07,18,23.00,24.00,1.00,21.00,17.33,170900,172
2026/04/07,19,19.25,30.70,8.27,8.27,18.65,204500,204
2026/04/07,20,100.00,100.00,2.95,17.93,23.76,359950,211
2026/04/07,21,0.08,100.00,0.01,20.01,24.99,394650,236
2026/04/07,22,0.08,30.30,0.01,26.01,20.33,337000,248
2026/04/07,23,0.08,33.50,0.01,23.01,22.26,416200,265
2026/04/07,24,0.08,38.10,0.01,13.98,25.02,487800,293
2026/04/07,25,0.08,30.20,0.01,6.01,20.46,377000,273
2026/04/07,26,0.01,26.70,0.01,18.87,17.65,423000,306
2026/04/07,27,0.01,32.01,0.01,16.41,18.91,343700,301
2026/04/07,28,0.08,30.48,0.01,21.86,20.29,372400,286
2026/04/07,29,0.08,30.30,0.01,16.42,21.09,399950,284
2026/04/07,30,0.08,29.01,0.01,24.80,14.99,497200,319
2026/04/07,31,0.08,29.00,0.01,23.01,14.55,537050,339
2026/04/07,32,23.80,27.49,0.01,18.41,13.60,664000,384
2026/04/07,33,22.00,24.00,6.88,19.00,19.90,531400,322
2026/04/07,34,29.47,29.97,6.93,19.50,22.07,578600,314
2026/04/07,35,27.50,27.50,6.84,20.50,22.42,415250,280
2026/04/07,36,35.34,45.00,7.90,45.00,27.47,320550,224
2026/04/07,37,100.00,100.00,6.87,20.42,30.18,466750,269
2026/04/07,38,100.00,100.00,6.84,22.56,30.18,462500,250
2026/04/07,39,100.00,100.00,9.39,22.30,30.80,381850,242
2026/04/07,40,26.78,30.88,8.04,19.87,22.32,316150,227
2026/04/07,41,28.58,31.68,6.93,23.20,24.21,368950,271
2026/04/07,42,22.84,25.94,6.93,18.24,20.78,367100,249
2026/04/07,43,19.66,22.46,7.03,20.57,18.88,271050,225
2026/04/07,44,20.85,24.05,6.92,24.05,20.32,379600,232
2026/04/07,45,21.40,24.65,6.94,19.00,19.96,183250,168
2026/04/07,46,20.92,24.02,4.00,22.00,19.72,228800,186
2026/04/07,47,20.48,23.68,6.94,20.98,20.34,247450,188
2026/04/07,48,16.50,23.58,7.89,12.96,19.71,331150,229
2026/04/08,1,19.16,20.00,6.93,19.16,18.52,160750,127
2026/04/08,2,17.57,23.04,11.00,19.50,15.15,346000,156
2026/04/08,3,17.17,22.72,6.93,18.98,15.77,304550,140
2026/04/08,4,17.07,45.00,6.93,19.23,17.94,282200,128
2026/04/08,5,17.53,45.00,12.77,22.22,18.05,350000,147
2026/04/08,6,21.08,25.18,8.51,18.83,18.10,310700,141
2026/04/08,7,21.60,45.00,12.79,19.50,22.15,293450,147
2026/04/08,8,21.96,45.00,14.85,19.63,23.71,294600,159
2026/04/08,9,22.75,45.00,0.01,19.91,20.85,340950,176
2026/04/08,10,24.11,29.51,0.01,24.62,15.92,527300,231
2026/04/08,11,24.11,24.64,10.00,24.51,18.00,342400,194
2026/04/08,12,27.73,28.63,9.13,28.23,18.70,400600,218
2026/04/08,13,24.61,30.63,10.00,20.85,18.20,466700,263
2026/04/08,14,21.22,36.22,5.00,20.01,16.72,304500,170
2026/04/08,15,18.76,21.66,5.00,17.40,12.62,202700,134
2026/04/08,16,3.95,36.82,2.00,9.21,13.00,330100,190
2026/04/08,17,13.00,30.00,1.00,8.00,7.40,244700,192
2026/04/08,18,0.20,30.00,0.01,3.00,8.49,217600,163
2026/04/08,19,0.20,20.00,0.01,10.00,4.75,403300,227
2026/04/08,20,0.20,45.00,0.01,12.00,5.34,962200,338
2026/04/08,21,0.20,12.00,0.01,2.01,4.34,1222000,373
2026/04/08,22,0.20,13.01,0.01,8.11,5.06,577650,259
2026/04/08,23,0.20,20.00,0.01,13.93,4.84,415650,242
2026/04/08,24,0.20,20.00,0.01,7.01,5.98,595200,274
2026/04/08,25,0.20,12.00,0.01,0.01,3.69,640550,267
2026/04/08,26,0.20,12.00,0.01,6.00,3.66,789500,287
2026/04/08,27,0.12,20.00,0.01,0.01,2.63,505550,266
2026/04/08,28,0.12,10.79,0.01,5.03,5.01,969300,341
2026/04/08,29,0.12,16.77,0.01,10.00,5.81,865200,303
2026/04/08,30,0.12,25.00,0.01,11.84,5.25,528700,277
2026/04/08,31,0.01,41.75,0.01,12.13,7.98,426400,252
2026/04/08,32,0.01,21.88,0.01,17.40,8.89,410350,250
2026/04/08,33,10.50,29.87,2.62,17.81,13.03,320600,214
2026/04/08,34,23.00,29.51,6.85,24.51,19.02,300650,231
2026/04/08,35,25.64,27.76,8.39,25.74,21.78,250450,220
2026/04/08,36,35.50,36.10,8.49,35.50,27.73,568000,322
2026/04/08,37,35.50,40.00,8.64,20.51,30.31,381000,207
2026/04/08,38,36.13,40.00,8.00,16.74,32.13,449150,221
2026/04/08,39,34.69,45.00,8.52,30.68,33.29,349900,195
2026/04/08,40,35.50,43.90,8.41,43.90,34.16,353400,192
2026/04/08,41,38.94,40.44,8.61,40.05,34.65,341000,189
2026/04/08,42,34.65,38.90,8.59,33.00,31.82,291400,198
2026/04/08,43,35.76,37.25,8.30,27.22,31.42,449550,226
2026/04/08,44,34.01,35.29,8.16,35.29,28.50,352600,197
2026/04/08,45,27.93,30.00,8.09,23.24,27.15,272950,190
2026/04/08,46,25.50,45.00,6.74,20.14,26.98,214350,176
2026/04/08,47,16.51,26.91,8.48,24.92,22.68,134900,153
2026/04/08,48,18.59,22.75,8.39,20.01,20.23,136850,151
2026/04/09,1,19.95,20.34,0.01,19.00,16.50,246950,133
2026/04/09,2,19.38,20.01,10.27,17.07,17.02,175450,108
2026/04/09,3,20.00,20.00,9.30,19.22,17.27,146850,94
2026/04/09,4,18.14,20.40,9.30,20.40,16.45,210450,105
2026/04/09,5,19.99,23.00,9.39,20.11,19.22,146500,94
2026/04/09,6,20.32,30.00,0.01,19.94,22.49,770100,133
2026/04/09,7,21.49,45.00,8.40,20.08,26.59,414100,133
2026/04/09,8,21.99,45.01,8.51,19.91,27.09,415400,130
2026/04/09,9,22.55,45.01,8.55,45.00,27.29,422300,142
2026/04/09,10,24.07,45.00,8.58,24.09,31.34,745900,148
2026/04/09,11,26.60,32.00,8.40,18.99,25.02,793000,200
2026/04/09,12,26.60,30.01,9.40,22.57,26.63,664150,177
2026/04/09,13,24.98,28.00,7.30,20.01,22.88,332400,173
2026/04/09,14,19.66,20.76,7.30,14.91,18.53,150200,125
2026/04/09,15,8.11,19.01,7.61,17.00,14.27,233400,166
2026/04/09,16,16.69,26.82,6.02,15.70,14.90,120350,153
2026/04/09,17,3.00,19.01,0.01,15.77,10.66,133000,143
2026/04/09,18,0.53,20.01,0.01,16.00,10.23,195550,158
2026/04/09,19,0.01,35.00,0.01,16.17,9.08,231550,181
2026/04/09,20,0.20,35.00,0.01,11.54,8.98,405900,216
2026/04/09,21,0.01,21.39,0.01,12.48,8.73,481950,241
2026/04/09,22,0.20,20.98,0.01,12.54,6.70,351450,212
2026/04/09,23,0.20,18.53,0.01,13.52,7.98,352950,217
2026/04/09,24,0.20,18.66,0.01,15.03,8.38,329600,217
2026/04/09,25,0.01,20.01,0.01,16.01,10.94,605300,265
2026/04/09,26,0.01,22.61,0.01,16.01,9.67,404200,226
2026/04/09,27,0.01,22.56,0.01,18.01,10.77,325700,245
2026/04/09,28,0.01,21.68,0.01,18.07,13.29,499750,337
2026/04/09,29,0.01,22.92,0.01,14.83,14.91,518150,332
2026/04/09,30,2.50,25.50,1.91,19.01,19.58,398650,300
2026/04/09,31,22.03,24.42,5.57,13.57,18.00,390750,337
2026/04/09,32,26.00,45.00,0.01,31.02,21.68,752050,476
2026/04/09,33,17.29,65.00,6.57,40.00,26.27,582650,385
2026/04/09,34,19.45,50.00,8.00,45.01,29.06,951500,288
2026/04/09,35,28.30,45.01,11.82,45.01,27.85,739100,261
2026/04/09,36,28.14,44.64,0.01,25.00,27.66,889700,297
2026/04/09,37,19.71,55.00,9.24,30.94,34.15,807300,291
2026/04/09,38,27.60,49.68,9.54,24.16,32.95,573150,228
2026/04/09,39,27.60,45.00,9.39,24.93,31.97,536500,205
2026/04/09,40,28.06,45.00,9.40,20.09,29.21,554800,225
2026/04/09,41,28.41,45.00,0.01,31.02,29.08,562700,265
2026/04/09,42,28.23,41.75,12.14,21.45,28.00,511450,252
2026/04/09,43,27.00,30.10,13.00,21.50,26.66,365900,239
2026/04/09,44,25.38,30.38,12.01,26.40,23.32,210000,181
2026/04/09,45,25.11,28.21,11.50,28.21,23.82,286400,216
2026/04/09,46,22.10,24.50,10.06,18.41,22.04,264600,219
2026/04/09,47,25.37,25.71,10.06,19.61,22.48,275600,255
2026/04/09,48,21.11,24.51,0.12,21.51,14.34,386300,260
2026/04/10,1,30.00,30.00,12.66,18.99,16.87,190450,110
2026/04/10,2,19.48,19.48,11.56,11.56,15.22,299600,139
2026/04/10,3,19.49,19.49,10.99,10.99,14.90,262250,143
2026/04/10,4,19.39,20.90,11.00,19.00,15.80,283350,153
2026/04/10,5,19.45,19.45,11.00,16.89,15.35,346900,139
2026/04/10,6,16.56,19.54,13.90,13.91,16.35,263350,120
2026/04/10,7,19.79,19.79,6.44,15.00,16.58,327750,179
2026/04/10,8,18.42,20.10,9.08,13.91,17.32,276500,177
2026/04/10,9,20.10,22.37,10.95,13.90,18.50,375200,195
2026/04/10,10,20.36,21.00,11.27,19.76,18.61,367150,198
2026/04/10,11,20.48,21.00,9.98,19.88,17.97,417750,223
2026/04/10,12,20.50,21.91,10.97,21.00,17.78,521400,238
2026/04/10,13,19.06,20.56,10.26,18.11,17.71,376200,206
2026/04/10,14,19.81,21.21,14.41,21.21,18.53,340150,188
2026/04/10,15,20.99,21.99,14.98,14.98,18.60,404200,220
2026/04/10,16,22.00,30.00,15.01,17.01,21.00,362450,194
2026/04/10,17,27.50,30.10,8.10,20.42,27.22,571650,238
2026/04/10,18,30.00,43.00,10.00,28.25,30.40,1091150,330
2026/04/10,19,31.03,43.00,11.90,27.89,30.41,932500,321
2026/04/10,20,32.24,45.00,10.51,29.21,32.13,775750,264
2026/04/10,21,29.64,35.00,0.01,21.83,29.44,856700,290
2026/04/10,22,29.29,35.15,8.44,22.00,29.15,830700,271
2026/04/10,23,28.85,35.00,8.37,23.85,29.26,836550,286
2026/04/10,24,28.00,35.00,6.90,26.01,29.05,682300,245
2026/04/10,25,25.00,28.50,8.35,20.01,22.34,393600,290
2026/04/10,26,27.50,45.00,6.68,20.01,24.11,331150,261
2026/04/10,27,28.10,45.00,6.91,27.95,32.47,807850,274
2026/04/10,28,28.74,45.00,6.22,45.00,33.15,835050,306
2026/04/10,29,28.60,45.00,6.22,27.98,33.09,790200,275
2026/04/10,30,27.50,45.00,6.22,26.36,28.94,785850,291
2026/04/10,31,27.50,73.47,6.22,30.41,29.36,944300,289
2026/04/10,32,27.50,50.00,8.65,21.19,30.31,765000,246
2026/04/10,33,27.50,54.00,9.08,19.72,34.19,916500,236
2026/04/10,34,27.50,54.00,9.13,30.15,32.25,860350,269
2026/04/10,35,27.50,55.00,9.45,25.01,32.76,1027950,321
2026/04/10,36,27.50,45.00,8.02,26.01,31.53,861850,299
2026/04/10,37,27.50,50.00,7.79,28.04,30.65,767300,327
2026/04/10,38,27.50,50.00,8.03,27.00,32.28,843900,334
2026/04/10,39,27.50,45.00,6.91,27.00,30.14,704450,282
2026/04/10,40,23.44,45.00,8.02,19.41,25.75,720250,323
2026/04/10,41,20.84,45.00,8.02,19.40,21.22,569900,303
2026/04/10,42,20.66,45.00,0.01,22.00,21.53,766900,361
2026/04/10,43,20.14,30.00,14.70,20.32,23.21,648150,297
2026/04/10,44,17.91,26.01,15.10,18.84,19.38,784900,300
2026/04/10,45,19.31,30.00,9.30,19.80,21.94,664350,267
2026/04/10,46,21.25,30.00,9.30,22.22,19.35,741200,333
2026/04/10,47,20.52,30.00,9.30,21.01,21.21,645600,255
2026/04/10,48,19.71,30.00,9.30,18.77,19.53,860300,246
2026/04/11,1,16.23,26.00,9.79,26.00,15.47,224450,117
2026/04/11,2,17.19,26.00,9.07,18.17,16.20,236800,129
2026/04/11,3,18.92,23.03,9.00,18.91,14.85,181900,115
2026/04/11,4,16.69,26.00,8.94,19.19,20.52,300250,101
2026/04/11,5,16.94,23.00,9.07,19.15,16.94,381700,125
2026/04/11,6,16.68,23.00,9.97,14.02,17.55,416200,116
2026/04/11,7,20.11,26.00,9.00,26.00,15.94,436750,147
2026/04/11,8,20.10,26.00,8.28,16.61,16.05,588150,201
2026/04/11,9,16.12,26.00,8.35,15.20,14.22,618750,209
2026/04/11,10,19.29,26.00,10.00,26.00,13.48,435200,165
2026/04/11,11,16.53,28.52,10.00,28.52,15.51,478750,163
2026/04/11,12,15.73,28.00,10.30,14.99,16.44,407150,149
2026/04/11,13,9.50,21.01,8.17,14.69,16.63,308500,152
2026/04/11,14,12.68,17.09,5.00,17.09,12.86,449050,203
2026/04/11,15,3.60,16.49,3.40,12.00,11.77,534900,185
2026/04/11,16,2.10,15.01,1.95,11.16,11.30,459000,201
2026/04/11,17,0.60,14.76,0.53,13.00,7.70,387050,188
2026/04/11,18,0.01,16.51,0.01,0.01,5.45,347750,227
2026/04/11,19,0.01,11.66,0.01,0.12,4.78,412350,267
2026/04/11,20,0.01,7.50,0.01,0.79,2.15,598550,248
2026/04/11,21,0.01,6.00,0.01,0.01,0.65,690050,316
2026/04/11,22,0.10,7.18,0.01,0.01,0.61,791600,346
2026/04/11,23,0.10,6.00,0.01,0.01,0.70,819650,323
2026/04/11,24,0.01,6.03,0.01,0.01,0.43,700650,266
2026/04/11,25,0.01,6.60,0.01,0.01,0.71,667350,222
2026/04/11,26,0.01,6.01,0.01,0.01,0.60,606850,225
2026/04/11,27,0.01,8.27,0.01,7.41,1.17,634250,303
2026/04/11,28,0.01,11.52,0.01,0.01,1.54,513250,300
2026/04/11,29,0.01,16.31,0.01,0.01,2.48,545550,310
2026/04/11,30,0.01,21.26,0.01,0.01,1.89,491600,261
2026/04/11,31,0.01,16.77,0.01,3.67,4.06,380250,258
2026/04/11,32,0.01,16.76,0.01,1.30,5.33,450750,260
2026/04/11,33,0.99,19.14,0.01,17.49,5.31,495500,274
2026/04/11,34,5.10,17.37,0.01,14.01,7.18,462250,269
2026/04/11,35,16.54,18.53,1.80,10.00,12.47,295400,198
2026/04/11,36,13.01,21.19,0.01,16.87,15.93,487300,232
2026/04/11,37,17.48,21.52,10.54,14.01,17.01,714750,332
2026/04/11,38,10.40,22.55,9.00,17.61,15.89,731300,319
2026/04/11,39,10.85,19.51,9.00,16.47,15.61,660000,297
2026/04/11,40,18.45,19.95,9.00,14.74,15.09,649550,295
2026/04/11,41,17.07,19.00,9.00,14.16,14.51,668800,273
2026/04/11,42,16.26,19.30,9.00,18.90,13.53,721800,288
2026/04/11,43,8.50,19.86,6.00,7.00,12.49,965950,332
2026/04/11,44,5.20,18.60,4.90,18.14,13.42,816200,297
2026/04/11,45,17.41,18.91,1.00,9.75,11.81,808350,332
2026/04/11,46,17.06,20.06,0.90,11.90,10.41,913150,344
2026/04/11,47,17.10,18.60,0.90,18.20,10.56,893450,342
2026/04/11,48,1.50,18.65,0.33,8.73,9.58,662000,274
2026/04/12,1,10.43,18.15,6.60,7.01,13.05,319350,77
2026/04/12,2,17.01,17.63,5.00,17.63,10.07,262300,84
2026/04/12,3,9.31,16.07,7.82,15.28,11.95,363550,94
2026/04/12,4,9.31,16.58,8.59,15.69,13.64,396950,97
2026/04/12,5,11.19,17.12,8.19,9.07,14.35,362800,85
2026/04/12,6,11.94,16.59,1.00,11.00,14.00,429150,103
2026/04/12,7,12.50,17.11,7.05,8.36,13.75,373100,132
2026/04/12,8,11.52,17.38,0.01,9.39,13.15,346000,114
2026/04/12,9,14.66,19.41,7.05,13.41,14.23,392550,131
2026/04/12,10,13.60,17.20,7.05,9.17,13.37,355750,109
2026/04/12,11,13.48,17.60,7.05,14.92,13.04,367350,137
2026/04/12,12,13.26,17.81,7.05,16.71,14.16,368200,141
2026/04/12,13,6.00,14.60,3.00,3.00,10.80,477650,188
2026/04/12,14,0.01,11.81,0.01,11.49,8.47,437800,170
2026/04/12,15,0.01,11.70,0.01,9.93,8.57,403650,178
2026/04/12,16,0.01,9.81,0.01,9.81,6.91,448200,187
2026/04/12,17,0.22,3.02,0.01,0.02,1.25,1033550,223
2026/04/12,18,0.01,0.70,0.01,0.11,0.10,547700,226
2026/04/12,19,0.01,0.21,0.01,0.01,0.05,395000,181
2026/04/12,20,0.01,0.11,0.01,0.01,0.01,496650,110
2026/04/12,21,0.01,0.01,0.01,0.01,0.01,632900,134
2026/04/12,22,0.01,0.01,0.01,0.01,0.01,560000,108
2026/04/12,23,0.01,0.01,0.01,0.01,0.01,530600,128
2026/04/12,24,0.01,0.01,0.01,0.01,0.01,700900,141
2026/04/12,25,0.01,0.01,0.01,0.01,0.01,687350,156
2026/04/12,26,0.01,0.11,0.01,0.01,0.01,619150,128
2026/04/12,27,0.01,0.50,0.01,0.01,0.04,576800,172
2026/04/12,28,0.01,1.00,0.01,0.01,0.09,419850,160
2026/04/12,29,0.01,3.01,0.01,0.02,0.34,611250,242
2026/04/12,30,0.01,2.11,0.01,2.11,0.24,371200,161
2026/04/12,31,0.01,9.95,0.01,0.03,2.77,359700,195
2026/04/12,32,0.01,15.22,0.01,8.40,7.29,336750,217
2026/04/12,33,0.11,21.18,0.01,18.52,7.55,313700,260
2026/04/12,34,16.99,19.88,0.02,3.00,8.51,236400,183
2026/04/12,35,25.25,25.25,1.00,11.37,12.07,307200,190
2026/04/12,36,20.55,24.56,1.00,17.10,15.77,339800,210
2026/04/12,37,22.41,25.67,0.01,14.01,15.85,365500,214
2026/04/12,38,15.11,25.34,8.01,14.89,17.91,246250,188
2026/04/12,39,19.96,25.18,12.89,15.82,18.00,273150,170
2026/04/12,40,17.27,24.88,12.39,16.43,18.05,279600,155
2026/04/12,41,18.31,24.72,7.41,16.48,17.98,265600,157
2026/04/12,42,17.99,24.88,7.60,22.00,17.77,259450,170
2026/04/12,43,17.52,24.50,10.31,19.61,17.47,217050,158
2026/04/12,44,16.51,24.50,7.35,12.00,17.70,235300,159
2026/04/12,45,16.31,24.11,10.50,18.11,16.90,213250,147
2026/04/12,46,16.81,21.28,9.23,16.85,15.97,290050,142
2026/04/12,47,18.73,30.01,7.92,22.00,20.03,427200,173
2026/04/12,48,18.43,61.53,8.06,16.07,28.62,516300,151
2026/04/13,1,16.78,65.00,8.65,61.53,31.51,330100,83
2026/04/13,2,17.00,66.25,8.65,9.27,23.28,306800,93
2026/04/13,3,16.13,22.67,8.94,16.95,18.81,304250,92
2026/04/13,4,16.99,25.86,9.20,13.07,18.58,352000,83
2026/04/13,5,16.65,20.25,9.37,18.98,16.84,329300,75
2026/04/13,6,17.61,20.60,9.65,14.28,17.75,355900,72
2026/04/13,7,17.04,21.14,1.00,7.57,17.54,454550,98
2026/04/13,8,17.55,21.28,9.74,18.18,17.59,532150,129
2026/04/13,9,17.21,21.31,1.00,19.23,17.58,591200,135
2026/04/13,10,17.46,23.38,9.37,18.10,16.80,702550,163
2026/04/13,11,19.51,25.86,10.27,13.20,16.90,659200,160
2026/04/13,12,19.10,25.86,9.23,25.70,17.44,712450,201
2026/04/13,13,16.11,21.76,7.36,16.00,16.80,635600,204
2026/04/13,14,17.32,25.86,1.00,14.00,16.45,557600,209
2026/04/13,15,16.06,21.45,0.41,11.54,17.09,427450,176
2026/04/13,16,15.90,22.67,0.27,14.00,16.42,465550,178
2026/04/13,17,14.89,27.46,0.01,10.77,16.82,515500,164
2026/04/13,18,14.89,45.00,0.01,13.20,18.27,538950,187
2026/04/13,19,15.16,50.00,0.01,6.98,18.19,526100,183
2026/04/13,20,2.00,50.01,0.01,14.59,19.48,528850,223
2026/04/13,21,0.20,50.00,0.01,0.11,22.19,504900,197
2026/04/13,22,0.20,61.53,0.01,0.02,18.61,514550,185
2026/04/13,23,0.20,50.00,0.01,0.02,17.59,534300,217
2026/04/13,24,0.20,50.00,0.01,11.50,15.99,593950,237
2026/04/13,25,0.20,18.53,0.01,15.50,10.31,782750,305
2026/04/13,26,0.20,30.00,0.01,15.00,9.55,656650,300
2026/04/13,27,0.20,30.00,0.01,20.01,11.38,487650,245
2026/04/13,28,0.20,35.00,0.01,15.51,11.76,742050,317
2026/04/13,29,1.00,50.00,0.01,0.42,14.46,756650,322
2026/04/13,30,3.95,22.36,0.01,9.29,13.45,684100,297
2026/04/13,31,15.54,40.74,0.01,9.30,16.65,501100,276
2026/04/13,32,16.08,50.00,1.80,22.33,25.28,551050,314
2026/04/13,33,17.84,22.00,1.80,10.45,16.40,600200,294
2026/04/13,34,16.24,27.93,5.73,16.74,21.22,507850,226
2026/04/13,35,25.25,34.00,5.76,27.97,26.81,385350,213
2026/04/13,36,38.00,50.00,7.95,40.10,39.27,617200,209
2026/04/13,37,43.00,48.10,6.84,45.10,38.80,641150,229
2026/04/13,38,43.00,49.10,8.04,30.01,40.05,614400,203
2026/04/13,39,35.33,38.93,6.84,18.42,32.06,522650,184
2026/04/13,40,15.60,30.11,6.84,17.66,23.80,416300,180
2026/04/13,41,16.58,33.10,1.00,16.48,25.67,581350,210
2026/04/13,42,29.90,33.89,10.68,23.00,26.65,522400,238
2026/04/13,43,17.88,28.39,11.32,23.01,23.71,504250,226
2026/04/13,44,16.21,35.00,11.38,24.77,23.20,509050,232
2026/04/13,45,24.50,30.50,11.65,24.61,25.43,451650,197
2026/04/13,46,21.92,26.02,11.96,22.22,23.02,371400,186
2026/04/13,47,20.92,26.02,11.01,15.10,21.69,336250,170
2026/04/13,48,19.11,28.07,12.00,19.62,21.57,341550,167
2026/04/14,1,17.32,17.53,11.97,16.50,14.67,119950,73
2026/04/14,2,17.34,17.34,12.00,16.90,14.17,97800,66
2026/04/14,3,16.50,17.69,9.90,10.10,14.39,78250,59
2026/04/14,4,16.71,18.44,9.79,15.80,14.29,130050,81
2026/04/14,5,16.99,18.44,10.26,18.15,14.81,106800,79
2026/04/14,6,17.11,18.74,7.46,18.35,15.04,127550,90
2026/04/14,7,17.11,18.93,6.91,16.49,14.89,178750,108
2026/04/14,8,18.11,18.95,6.81,18.85,15.36,178400,119
2026/04/14,9,17.11,19.09,11.02,14.01,16.09,164000,115
2026/04/14,10,16.21,21.33,6.81,14.01,17.68,285200,147
2026/04/14,11,18.77,24.61,11.78,22.01,17.46,168250,109
2026/04/14,12,21.90,22.40,6.91,22.40,16.37,222250,127
2026/04/14,13,17.31,19.71,6.91,14.01,14.98,393550,178
2026/04/14,14,16.81,20.00,0.01,14.01,14.00,353850,172
2026/04/14,15,15.79,20.00,10.00,14.01,15.51,217700,142
2026/04/14,16,10.87,19.83,9.05,14.75,14.36,379250,207
2026/04/14,17,15.24,20.00,8.41,12.00,13.93,455500,214
2026/04/14,18,14.89,20.00,8.23,12.90,15.15,277200,155
2026/04/14,19,15.00,19.46,6.77,7.84,14.43,220350,147
2026/04/14,20,13.60,20.00,2.80,8.50,11.83,544700,258
2026/04/14,21,14.00,20.50,0.49,8.39,10.00,574050,275
2026/04/14,22,0.01,20.00,0.01,4.99,8.05,627250,323
2026/04/14,23,0.01,30.00,0.01,0.34,8.22,566900,319
2026/04/14,24,0.08,20.00,0.01,8.84,8.09,513900,324
2026/04/14,25,0.01,30.00,0.01,6.99,8.89,905450,395
2026/04/14,26,0.01,30.00,0.01,0.31,6.93,717500,402
2026/04/14,27,0.50,20.00,0.01,8.96,9.75,269150,255
2026/04/14,28,16.88,18.53,1.00,15.90,12.93,271400,223
2026/04/14,29,16.91,18.53,2.80,14.92,14.89,260100,218
2026/04/14,30,17.50,17.57,7.60,14.18,15.65,344600,250
2026/04/14,31,18.36,19.47,7.43,12.59,16.66,398300,283
2026/04/14,32,24.73,25.73,9.37,20.66,21.79,294150,264
2026/04/14,33,19.05,25.27,10.00,16.50,18.57,344350,243
2026/04/14,34,19.46,26.34,10.00,21.54,18.99,417300,240
2026/04/14,35,38.99,39.99,10.99,29.56,22.99,469400,238
2026/04/14,36,26.17,27.08,1.00,25.07,19.74,430300,237
2026/04/14,37,26.00,30.01,6.81,20.59,21.17,486000,265
2026/04/14,38,23.07,33.00,6.86,30.00,21.71,460100,244
2026/04/14,39,25.90,26.07,6.86,25.00,19.74,358150,208
2026/04/14,40,23.08,44.90,6.86,35.00,26.55,434450,203
2026/04/14,41,24.29,30.10,6.86,25.54,22.12,397750,222
2026/04/14,42,24.29,31.99,4.95,31.99,20.05,384200,231
2026/04/14,43,27.50,28.01,0.01,23.85,18.65,414400,205
2026/04/14,44,25.00,25.72,0.01,22.00,16.79,352850,196
2026/04/14,45,25.00,25.01,9.75,22.00,17.64,287350,188
2026/04/14,46,23.24,23.24,11.95,20.50,17.41,267700,176
2026/04/14,47,23.58,23.68,11.42,19.90,19.07,218800,166
2026/04/14,48,21.90,22.00,0.01,21.00,14.84,292000,196
2026/04/15,1,18.04,19.04,11.02,17.93,17.17,111850,66
2026/04/15,2,17.71,18.46,4.07,16.11,17.57,252000,79
2026/04/15,3,16.82,20.70,4.22,17.59,18.11,493750,121
2026/04/15,4,16.07,18.86,10.90,15.89,18.01,299150,71
2026/04/15,5,16.58,19.04,10.90,10.90,16.61,102100,68
2026/04/15,6,17.71,18.54,0.86,0.86,15.86,134600,75
2026/04/15,7,17.48,18.63,13.74,15.00,17.75,65600,64
2026/04/15,8,17.11,19.02,13.79,18.51,17.20,79400,70
2026/04/15,9,18.50,19.40,8.50,15.01,17.21,153950,83
2026/04/15,10,19.16,20.53,6.74,18.89,18.05,165050,99
2026/04/15,11,17.29,21.77,7.34,21.46,19.39,166050,107
2026/04/15,12,19.74,20.05,10.36,14.34,18.66,111250,84
2026/04/15,13,19.00,19.00,6.94,17.00,18.02,315650,143
2026/04/15,14,19.00,19.01,6.94,14.00,16.40,293600,169
2026/04/15,15,18.98,18.99,3.88,15.57,17.91,248450,198
2026/04/15,16,18.95,20.17,3.10,17.19,18.30,250750,184
2026/04/15,17,24.00,25.00,4.58,19.08,22.40,161500,161
2026/04/15,18,25.00,25.90,7.00,17.85,22.50,246750,190
2026/04/15,19,24.00,24.92,7.11,19.51,22.29,192150,163
2026/04/15,20,10.30,23.28,8.24,15.16,19.84,263000,209
2026/04/15,21,20.10,23.10,6.80,9.95,16.11,216450,167
2026/04/15,22,20.60,23.60,6.81,18.05,16.09,269500,190
2026/04/15,23,10.57,21.23,8.00,18.01,17.35,332300,219
2026/04/15,24,10.42,20.80,8.49,15.70,16.92,315750,200
2026/04/15,25,9.17,20.61,6.78,16.00,16.36,382650,226
2026/04/15,26,10.23,18.62,6.79,12.53,16.28,489900,238
2026/04/15,27,13.65,20.84,8.51,8.51,17.89,398350,235
2026/04/15,28,25.00,26.70,8.53,25.38,22.16,399050,283
2026/04/15,29,18.20,25.00,8.63,14.00,21.23,347550,249
2026/04/15,30,24.43,24.94,8.69,14.94,21.53,325700,236
2026/04/15,31,23.12,23.22,8.59,17.03,20.99,390550,255
2026/04/15,32,24.49,24.59,8.48,19.01,21.65,512250,305
2026/04/15,33,25.22,26.22,8.60,19.00,21.54,622000,325
2026/04/15,34,26.47,27.97,6.69,17.13,20.91,590300,334
2026/04/15,35,24.50,25.39,6.69,17.65,20.55,668400,359
2026/04/15,36,25.22,25.52,6.63,20.66,21.09,569300,325
2026/04/15,37,24.92,24.98,6.62,19.00,21.06,498650,282
2026/04/15,38,22.50,25.37,6.62,24.07,20.64,496050,294
2026/04/15,39,22.50,25.32,6.61,25.32,20.93,479250,290
2026/04/15,40,24.33,24.33,6.56,19.01,19.01,353100,247
2026/04/15,41,24.92,24.92,5.87,18.01,18.63,449650,275
2026/04/15,42,24.92,25.02,4.84,20.66,19.09,519400,282
2026/04/15,43,18.82,23.83,5.90,18.86,20.23,398350,257
2026/04/15,44,23.00,23.07,5.90,23.07,18.92,340200,249
2026/04/15,45,22.00,24.00,4.84,14.15,20.17,275850,222
2026/04/15,46,19.11,21.00,6.16,14.01,18.49,246700,182
2026/04/15,47,19.11,21.00,9.36,19.89,18.52,220950,173
2026/04/15,48,18.04,19.04,9.47,11.40,16.26,192050,163
2026/04/16,1,19.05,19.05,4.00,17.37,13.31,279300,112
2026/04/16,2,17.38,17.38,4.00,16.94,13.24,159800,73
2026/04/16,3,17.28,17.28,4.00,17.25,13.28,115400,71
2026/04/16,4,17.00,17.30,6.91,15.01,12.06,153350,88
2026/04/16,5,17.00,17.44,6.91,17.34,10.93,198750,88
2026/04/16,6,18.00,18.54,6.92,11.00,11.13,253350,113
2026/04/16,7,18.09,18.09,6.55,17.99,11.25,182050,97
2026/04/16,8,18.57,18.57,6.56,18.47,12.21,250850,95
2026/04/16,9,19.87,20.07,6.56,12.45,13.24,263650,94
2026/04/16,10,19.76,22.23,6.56,15.01,15.78,385100,129
2026/04/16,11,20.07,20.22,6.56,15.00,14.65,414150,123
2026/04/16,12,20.72,21.39,6.58,17.74,17.20,295900,137
2026/04/16,13,19.75,19.93,6.80,11.00,15.20,474200,196
2026/04/16,14,17.55,19.65,1.80,10.10,13.42,274350,119
2026/04/16,15,16.17,19.15,0.03,7.05,12.50,235050,146
2026/04/16,16,11.46,18.57,1.80,14.00,11.23,231100,175
2026/04/16,17,18.34,18.34,0.01,9.01,9.59,195550,143
2026/04/16,18,17.79,19.94,0.01,9.65,7.38,472350,255
2026/04/16,19,16.59,16.59,0.01,6.00,5.94,492100,220
2026/04/16,20,16.37,16.37,0.01,6.01,7.80,321900,169
2026/04/16,21,8.40,8.50,0.01,0.02,4.48,796300,266
2026/04/16,22,3.10,7.85,0.01,2.95,3.32,641100,243
2026/04/16,23,1.10,8.00,0.01,1.00,3.30,742950,241
2026/04/16,24,0.20,5.00,0.01,0.01,1.87,835850,341
2026/04/16,25,0.01,2.46,0.01,0.01,0.75,711750,301
2026/04/16,26,0.01,5.00,0.01,0.01,1.15,766150,400
2026/04/16,27,2.10,6.00,0.01,2.00,2.94,481000,277
2026/04/16,28,5.99,9.54,0.01,9.54,5.26,400950,250
2026/04/16,29,6.93,8.71,0.01,5.01,5.22,441250,240
2026/04/16,30,7.91,10.37,0.01,3.79,4.98,463350,256
2026/04/16,31,0.01,10.10,0.01,7.04,4.93,549750,297
2026/04/16,32,15.44,18.53,0.01,13.85,8.04,566900,275
2026/04/16,33,2.00,18.18,1.99,16.50,9.08,510100,251
2026/04/16,34,8.55,24.71,6.60,8.64,16.39,488200,256
2026/04/16,35,26.50,28.07,6.22,19.19,20.81,448300,277
2026/04/16,36,29.90,30.00,5.82,18.00,20.84,473200,265
2026/04/16,37,44.94,50.01,1.50,15.50,31.70,710150,267
2026/04/16,38,49.00,53.00,5.89,40.01,35.34,916000,301
2026/04/16,39,49.93,57.38,5.23,16.09,36.99,927750,304
2026/04/16,40,48.00,53.00,1.50,40.00,36.02,946900,303
2026/04/16,41,48.00,50.00,1.50,13.98,34.88,885650,270
2026/04/16,42,48.00,53.10,1.50,15.48,33.20,943850,295
2026/04/16,43,45.00,45.00,1.50,16.24,27.62,787650,274
2026/04/16,44,29.93,30.10,1.50,14.50,19.42,629550,227
2026/04/16,45,25.99,26.56,1.50,22.50,18.81,665100,244
2026/04/16,46,25.87,26.94,1.50,15.98,19.21,601700,255
2026/04/16,47,25.46,26.53,7.00,14.79,18.22,638900,244
2026/04/16,48,24.39,25.46,5.94,10.60,14.84,385900,188
2026/04/17,1,18.48,19.09,8.46,17.26,16.71,57700,65
2026/04/17,2,18.35,18.86,8.44,18.86,16.67,57500,65
2026/04/17,3,20.06,20.46,8.09,19.17,19.07,72250,62
2026/04/17,4,8.64,22.40,7.29,17.89,18.92,129650,78
2026/04/17,5,8.84,22.00,8.07,18.00,20.40,91200,61
2026/04/17,6,9.76,25.10,7.27,10.00,21.86,75850,68
2026/04/17,7,19.97,25.72,9.00,21.22,18.58,223500,110
2026/04/17,8,10.02,27.19,9.02,10.39,21.18,243200,117
2026/04/17,9,17.22,19.92,10.12,16.73,15.04,333650,128
2026/04/17,10,18.99,19.92,10.00,11.56,14.38,366300,134
2026/04/17,11,24.00,24.10,8.68,10.00,16.00,310500,139
2026/04/17,12,20.00,20.50,6.84,11.01,17.16,253950,134
2026/04/17,13,24.11,24.62,7.84,20.01,15.33,209400,126
2026/04/17,14,17.44,18.70,6.76,7.06,11.80,225400,136
2026/04/17,15,16.41,16.99,7.01,7.01,10.92,171600,137
2026/04/17,16,15.61,16.00,6.84,9.99,9.85,263300,203
2026/04/17,17,14.60,18.78,4.00,9.99,9.94,289650,189
2026/04/17,18,11.55,14.56,6.79,10.56,10.66,267000,168
2026/04/17,19,11.42,16.99,2.85,16.99,9.81,298500,181
2026/04/17,20,8.51,18.81,0.90,10.43,7.75,277100,195
2026/04/17,21,0.01,17.39,0.01,17.00,8.07,389800,239
2026/04/17,22,0.01,15.34,0.01,13.71,7.75,473600,259
2026/04/17,23,0.01,16.17,0.01,11.45,7.63,409750,254
2026/04/17,24,0.01,18.58,0.01,10.00,6.94,307450,238
2026/04/17,25,0.01,13.00,0.01,3.51,5.33,555950,293
2026/04/17,26,0.01,15.84,0.01,0.01,7.02,462950,296
2026/04/17,27,0.57,18.84,0.49,8.95,8.07,471750,301
2026/04/17,28,10.40,18.58,0.01,10.49,10.23,417350,273
2026/04/17,29,7.04,18.65,5.97,10.56,12.68,499850,279
2026/04/17,30,14.61,20.00,6.77,8.16,12.26,406700,261
2026/04/17,31,16.35,27.00,7.14,10.22,11.40,501250,286
2026/04/17,32,16.54,30.00,8.55,15.05,15.43,587150,303
2026/04/17,33,19.80,20.00,0.01,6.83,13.16,610950,315
2026/04/17,34,14.08,24.47,0.01,24.37,16.58,648150,283
2026/04/17,35,24.97,25.10,2.85,20.01,15.44,617150,286
2026/04/17,36,29.90,30.00,5.74,16.97,19.86,498500,263
2026/04/17,37,26.17,27.00,5.77,19.96,20.07,360600,222
2026/04/17,38,39.01,40.50,5.80,16.10,27.98,479300,223
2026/04/17,39,29.90,30.00,0.10,16.36,22.30,252600,174
2026/04/17,40,29.90,31.04,5.79,15.03,22.11,220150,178
2026/04/17,41,25.32,25.32,5.83,18.94,18.47,236750,170
2026/04/17,42,14.61,24.62,5.16,14.46,19.70,346750,211
2026/04/17,43,24.62,24.62,5.83,14.46,18.67,222550,168
2026/04/17,44,22.25,22.25,5.82,11.90,16.43,195300,175
2026/04/17,45,45.00,45.97,5.82,20.00,28.66,448250,202
2026/04/17,46,26.85,26.90,0.10,9.76,17.20,272550,169
2026/04/17,47,26.79,26.84,0.01,20.00,19.10,225550,165
2026/04/17,48,24.27,24.37,0.10,20.00,16.72,162800,149
2026/04/18,1,23.00,23.10,8.87,8.94,16.38,274750,105
2026/04/18,2,23.00,26.15,8.44,23.05,20.37,375000,95
2026/04/18,3,23.00,25.10,8.40,22.00,20.03,360550,79
2026/04/18,4,23.00,23.00,8.71,22.00,14.39,166200,70
2026/04/18,5,23.27,23.74,6.92,20.40,14.90,238450,87
2026/04/18,6,24.00,24.36,9.23,23.63,16.39,303200,89
2026/04/18,7,24.00,35.00,9.04,9.04,22.09,605150,144
2026/04/18,8,23.56,26.69,8.44,10.41,17.44,348750,126
2026/04/18,9,24.14,35.00,8.62,18.50,23.70,668450,176
2026/04/18,10,24.14,35.00,8.61,18.50,23.27,568000,175
2026/04/18,11,24.56,30.00,10.54,26.08,22.15,306750,134
2026/04/18,12,23.42,23.99,9.53,9.99,17.89,233950,127
2026/04/18,13,18.38,18.87,8.63,12.50,13.91,228700,131
2026/04/18,14,15.88,26.00,6.83,12.01,14.76,157600,112
2026/04/18,15,14.81,17.00,6.68,8.01,12.53,248000,151
2026/04/18,16,12.97,18.13,6.92,9.99,11.12,263550,134
2026/04/18,17,8.57,16.55,7.00,7.00,10.45,312800,167
2026/04/18,18,8.51,12.00,5.00,5.00,9.73,535200,189
2026/04/18,19,8.30,10.50,0.02,0.02,9.53,624950,215
2026/04/18,20,3.50,10.00,3.00,7.04,8.26,567900,191
2026/04/18,21,5.00,14.75,4.01,4.01,8.55,204800,163
2026/04/18,22,12.86,13.03,0.01,2.00,7.97,338100,207
2026/04/18,23,12.86,13.03,0.01,3.99,8.19,348050,221
2026/04/18,24,12.86,13.03,3.00,3.99,8.34,336700,218
2026/04/18,25,14.24,14.41,0.01,3.89,6.38,262950,208
2026/04/18,26,7.39,13.03,0.01,10.96,5.54,282800,208
2026/04/18,27,3.31,10.39,0.01,1.99,6.57,736500,303
2026/04/18,28,7.58,14.68,0.99,4.00,7.50,411550,229
2026/04/18,29,7.90,16.77,5.93,12.89,9.44,462100,256
2026/04/18,30,12.86,15.20,6.00,8.96,9.74,263500,209
2026/04/18,31,14.65,17.19,6.74,10.00,11.48,323700,240
2026/04/18,32,10.00,17.11,7.00,12.99,12.71,562850,305
2026/04/18,33,15.88,17.95,7.06,9.00,11.80,316350,233
2026/04/18,34,20.93,21.11,6.62,6.62,11.81,279850,219
2026/04/18,35,22.93,25.00,8.10,9.99,13.73,387200,215
2026/04/18,36,22.98,23.15,8.03,9.22,11.44,470000,186
2026/04/18,37,29.34,30.27,8.03,9.99,15.98,563100,231
2026/04/18,38,34.83,35.83,8.61,18.62,17.13,867150,277
2026/04/18,39,24.00,25.07,8.62,19.01,20.51,277000,151
2026/04/18,40,23.70,25.77,8.23,16.65,13.33,484650,193
2026/04/18,41,24.93,25.00,8.57,10.62,12.74,562200,199
2026/04/18,42,23.42,23.59,8.58,15.01,16.96,182200,135
2026/04/18,43,23.42,23.59,8.44,16.60,12.07,590900,220
2026/04/18,44,23.27,23.44,8.45,19.00,12.31,632050,212
2026/04/18,45,23.70,25.77,8.44,20.00,13.26,625100,225
2026/04/18,46,18.30,19.88,8.44,14.00,14.11,167300,103
2026/04/18,47,18.30,22.00,8.44,16.64,16.72,166150,123
2026/04/18,48,18.93,19.10,8.44,16.60,15.46,143850,119
