受渡日,時刻コード,売り入札量(kWh),買い入札量(kWh),約定総量(kWh),システムプライス(円/kWh),エリアプライス北海道(円/kWh),エリアプライス東北(円/kWh),エリアプライス東京(円/kWh),エリアプライス中部(円/kWh),エリアプライス北陸(円/kWh),エリアプライス関西(円/kWh),エリアプライス中国(円/kWh),エリアプライス四国(円/kWh),エリアプライス九州(円/kWh),売りブロック入札総量(kWh),売りブロック約定総量(kWh),買いブロック入札総量(kWh),買いブロック約定総量(kWh)
2026/04/01,1,27474550,22189150,17741050,17.75,17.75,20.15,20.15,20.61,9.47,9.47,9.47,9.47,8.78,8938850,3146000,1198550,823850
2026/04/01,2,28671000,21485150,18046400,14.83,17.45,19.44,19.44,20.57,8.58,8.58,8.58,8.58,8.58,11120400,4151950,1179050,821800
2026/04/01,3,29196500,21271000,18374350,12.70,16.54,14.83,14.83,14.83,14.83,14.83,14.83,14.83,8.78,12131200,4710500,1239600,840700
2026/04/01,4,29509550,21469950,18377150,13.21,15.45,15.45,15.45,15.45,15.45,15.45,15.45,15.45,8.78,12709150,4865400,1258200,840400
2026/04/01,5,29512150,21821200,18440350,14.83,16.07,16.07,16.07,16.07,16.07,16.07,16.07,16.07,9.03,12751250,4859650,1257850,841250
2026/04/01,6,29357850,22311800,18347000,17.01,17.75,17.93,17.93,17.93,16.22,16.22,16.22,16.22,9.03,12565250,4719300,1256500,840700
2026/04/01,7,29205500,22814850,18610400,17.95,19.44,19.44,19.44,20.00,16.22,16.22,16.22,16.22,9.03,12175250,4597600,1278050,862550
2026/04/01,8,28814250,23116700,18503150,19.00,19.71,19.71,19.71,20.26,17.95,17.95,17.95,17.95,10.90,12002700,4570600,1309350,893550
2026/04/01,9,28759750,23467900,18520300,19.65,19.71,19.71,19.71,20.26,17.95,17.95,17.95,17.95,10.90,12048500,4699800,1309950,898050
2026/04/01,10,28714600,23662950,18507200,19.71,19.91,19.91,19.91,20.25,18.08,18.08,18.08,18.08,10.90,12089000,4677000,1311300,898750
2026/04/01,11,28764150,24195050,18776100,20.06,20.53,20.53,20.53,20.53,17.47,17.47,17.47,17.47,10.90,12072600,4742550,1316400,900300
2026/04/01,12,28742500,24144250,18927050,20.29,20.80,20.80,20.80,20.80,16.07,16.07,16.07,16.07,9.03,12065150,4764450,1036500,691350
2026/04/01,13,29003350,24100450,19020150,19.95,20.64,20.64,20.64,20.64,15.42,15.42,15.42,15.42,10.90,12080750,4678300,862300,513550
2026/04/01,14,29595100,24139750,19198800,19.79,20.00,20.00,20.32,20.32,16.07,16.07,16.07,16.07,10.90,12170050,4752200,815000,413750
2026/04/01,15,30413200,24325950,19566450,19.00,16.54,16.54,19.60,19.60,18.08,18.08,18.08,18.08,10.90,12365100,4771600,822850,421450
2026/04/01,16,31653250,24993800,20873900,18.44,12.01,12.01,19.60,19.60,18.00,18.00,18.00,18.00,10.90,12242450,4771600,838050,539150
2026/04/01,17,32212800,28830500,23150800,21.71,16.30,16.30,25.13,25.13,20.06,20.06,20.06,15.00,10.90,11950500,4490950,836050,560600
2026/04/01,18,32496800,30656350,23890800,23.82,12.01,12.01,32.40,32.40,20.99,20.99,20.99,17.50,17.66,11932550,4448550,1215750,614100
2026/04/01,19,32200400,29694200,22263250,20.28,10.00,10.00,22.66,22.66,16.87,16.87,16.87,16.87,16.87,11800150,4415950,1867650,632700
2026/04/01,20,32506300,30286600,22753100,20.53,10.00,10.00,22.99,22.99,20.28,20.28,20.28,20.28,20.28,12158950,4467100,2311400,745950
2026/04/01,21,32120400,29768250,22513750,20.96,8.01,8.01,25.01,25.01,25.01,25.00,25.00,25.00,19.66,12745900,4745500,2282900,708500
2026/04/01,22,32465800,29535050,22732750,21.00,8.01,8.01,25.01,25.01,25.01,25.00,25.00,25.00,19.66,12915250,4771200,2277000,795600
2026/04/01,23,32443300,29875550,22761750,21.35,8.01,8.01,31.22,31.22,31.22,25.46,25.46,25.46,18.60,13041450,4787200,2281900,800400
2026/04/01,24,32340200,29940000,22728250,21.51,7.83,7.83,32.39,35.00,35.00,25.01,25.01,25.01,12.00,13077000,4770100,2396200,737200
2026/04/01,25,32283250,29357100,21991050,20.61,8.01,8.01,30.00,30.00,30.00,22.00,22.00,22.00,8.78,13203400,4783150,2868950,715500
2026/04/01,26,32041800,29625150,21878950,20.96,9.12,10.01,31.22,31.22,31.22,21.04,21.04,21.04,8.78,13240650,4803950,3194500,619750
2026/04/01,27,31353100,31316700,22034350,25.00,11.70,11.70,44.70,44.70,44.70,25.50,25.50,25.50,11.75,13066050,4847000,3078550,605600
2026/04/01,28,30819950,31233150,21690000,25.95,16.32,16.32,44.38,44.38,44.38,18.08,18.08,18.08,12.00,12868000,4929400,2500400,611450
2026/04/01,29,30411800,30617700,21823800,31.42,17.61,17.61,43.41,43.41,43.41,20.27,20.27,20.27,12.00,12678700,5178700,1910350,612900
2026/04/01,30,30307100,30347300,22194800,32.00,20.00,20.00,42.22,42.22,42.22,34.60,20.99,8.00,12.60,12556250,5374700,1868550,600600
2026/04/01,31,30371600,29634100,22454600,31.80,26.63,26.63,42.89,42.89,42.89,34.60,21.00,8.00,17.66,12615800,5561250,1312750,574450
2026/04/01,32,30596900,29621400,23026300,30.00,30.00,30.00,32.00,32.00,32.00,24.00,24.00,11.99,20.00,12447800,5793150,1073950,521450
2026/04/01,33,30172200,29840350,23015650,30.84,17.23,17.23,32.58,32.58,32.58,21.01,21.01,8.00,20.00,12167100,6015050,926400,492450
2026/04/01,34,29878150,30080750,22938250,32.39,18.50,18.50,35.83,35.83,35.83,20.98,20.98,10.00,20.00,12091650,6012200,778950,442500
2026/04/01,35,29918550,29515200,22736000,30.00,22.00,22.00,32.00,32.00,20.06,20.06,20.06,8.00,20.00,12233250,6063400,781900,429500
2026/04/01,36,29770550,29775700,22647350,34.60,30.00,30.00,42.44,42.44,20.38,20.38,20.38,8.00,20.38,12271500,5968700,782500,425550
2026/04/01,37,29729400,29992550,22565200,34.60,32.77,32.77,39.60,39.60,21.50,21.50,21.50,7.94,21.50,12273700,5983000,781800,423500
2026/04/01,38,29622600,30053450,22622000,34.60,38.54,38.54,38.54,38.54,24.50,24.50,24.50,7.93,23.00,12194300,5901450,779750,422050
2026/04/01,39,29411700,29308250,22268950,34.60,31.80,31.80,31.80,31.80,24.50,24.50,24.50,18.54,24.00,12134850,5858350,882400,419850
2026/04/01,40,29453500,28791300,21993000,31.61,31.03,31.03,31.03,25.06,21.00,21.00,21.00,15.00,21.00,12164900,5876600,881100,418050
2026/04/01,41,29417300,28250200,21542750,24.52,23.61,23.61,23.61,23.61,20.28,20.28,20.28,20.28,20.28,12283600,5843950,875650,413100
2026/04/01,42,29359450,28243800,21510650,24.50,24.31,24.31,24.31,24.31,20.06,20.06,20.06,15.00,20.06,12405550,5877150,872600,409500
2026/04/01,43,29099250,27453700,20616800,22.43,23.55,23.55,23.55,23.55,18.44,18.44,18.44,18.44,18.44,12528250,5792600,864700,403500
2026/04/01,44,29345200,26796050,20029900,21.49,22.18,22.18,22.18,22.18,18.67,18.67,18.67,18.67,18.67,12995100,5793400,1042000,538100
2026/04/01,45,30257250,26010800,20480550,20.95,21.50,21.50,21.50,21.50,18.60,18.60,18.60,18.60,18.60,13139000,5828450,1045350,542300
2026/04/01,46,30176750,25110500,20247750,20.29,17.77,17.77,21.30,21.30,16.22,16.22,16.22,16.22,16.22,13110900,5869500,1042900,539900
2026/04/01,47,29192800,24812750,19662050,20.53,21.00,21.00,21.33,21.33,17.15,17.15,17.15,17.15,12.00,12695850,5802650,1034300,537600
2026/04/01,48,28272650,23397400,19059100,20.29,20.95,20.95,20.95,20.95,14.91,14.91,14.91,14.91,10.90,11700550,5383700,740750,391550
2026/04/02,1,26175050,23185550,18606100,18.44,17.29,21.47,21.47,22.07,11.28,11.28,11.28,11.28,11.28,7044550,2560550,1116650,909250
2026/04/02,2,27282050,22688100,17862050,16.50,18.34,19.92,19.92,24.12,10.20,10.20,10.20,10.20,10.20,9092850,2792700,1143000,909100
2026/04/02,3,27550650,22408300,17311000,15.94,19.67,19.67,19.67,39.18,9.74,9.74,9.74,9.74,9.74,9780850,2851500,1175950,907850
2026/04/02,4,27689550,22519700,17315900,16.07,19.56,19.56,19.56,40.89,11.01,11.01,11.01,11.01,11.01,10122150,2944850,1174650,907800
2026/04/02,5,27695850,22710600,17671850,16.50,17.93,17.93,17.93,40.90,12.00,12.00,12.00,12.00,12.00,10899000,3307650,1174800,909000
2026/04/02,6,27690300,23450200,17867350,19.00,19.13,19.13,19.13,42.17,15.45,15.45,15.45,15.45,15.45,11528600,3365400,1202950,938150
2026/04/02,7,27963650,23863000,18067450,19.71,19.71,19.71,19.71,39.85,15.60,15.60,15.60,15.60,15.60,11549550,3348550,1234350,969950
2026/04/02,8,27995550,24089000,18177000,19.59,19.61,19.61,19.61,41.47,14.91,14.91,14.91,14.91,14.91,11331350,3333050,1232250,968150
2026/04/02,9,28053450,24191000,18311350,20.06,20.25,20.25,20.25,40.33,16.07,16.07,16.07,7.95,16.07,11175750,3342350,1333400,968750
2026/04/02,10,28191150,24425600,18448550,19.92,20.25,20.25,20.25,40.04,16.22,16.22,16.22,7.82,16.22,11193750,3338050,1420400,968800
2026/04/02,11,28355150,25087550,18841200,20.34,21.99,21.99,21.99,39.85,16.35,16.35,16.35,7.83,16.35,11217350,3350150,1538300,970350
2026/04/02,12,28334800,25116950,18873150,20.57,22.38,22.38,22.38,39.88,15.60,15.60,15.60,7.80,15.60,11291400,3381700,1251900,685700
2026/04/02,13,28503500,25292350,19026650,20.57,22.50,22.50,23.27,26.08,14.91,14.91,14.91,14.91,14.91,11517200,3350000,1186950,499950
2026/04/02,14,29253050,25189100,19557900,20.80,25.81,25.81,25.81,25.81,14.91,14.91,14.91,14.91,14.91,11924500,3372000,1063750,401000
2026/04/02,15,30099400,25388050,20068450,20.95,32.00,32.00,32.00,32.00,10.01,10.01,10.01,10.01,10.01,12378150,3436950,1010600,393700
2026/04/02,16,31404800,25961900,20439500,19.83,25.00,25.00,32.00,32.00,8.64,8.64,8.64,7.88,8.64,12569900,3447700,972350,354950
2026/04/02,17,32420550,27087750,21179550,20.21,23.63,23.63,50.00,40.36,9.84,8.58,8.58,7.74,8.58,12368700,3103350,1067550,454250
2026/04/02,18,33389900,28159450,21906500,19.26,25.00,25.00,32.00,26.08,9.93,8.58,8.58,6.88,8.58,12339350,3104900,1373300,674350
2026/04/02,19,34383250,28533700,21709300,17.93,23.47,23.47,23.47,20.91,14.91,14.91,12.96,2.90,8.39,12699100,3205900,1865550,1068800
2026/04/02,20,35447100,28503300,21931350,16.22,23.18,23.18,23.18,20.38,14.00,14.00,12.67,2.00,1.00,12739800,3225200,2240550,1450300
2026/04/02,21,35916650,27363450,21282400,13.50,20.93,20.93,22.41,12.48,9.84,7.63,7.63,0.02,0.01,12766750,3218500,2243700,1555750
2026/04/02,22,36835100,26939500,20996150,9.03,22.38,22.38,22.38,6.63,6.63,6.63,6.63,0.01,0.01,12974550,3213400,2247000,1558950
2026/04/02,23,37490400,26640300,20925000,8.57,20.99,20.99,22.00,3.00,3.00,3.00,3.00,0.01,0.01,13007800,3208050,2291500,1559900
2026/04/02,24,37910100,26614800,22074850,9.03,20.09,20.09,45.70,2.76,2.76,2.76,2.76,0.01,0.01,13060100,3206350,2572900,1693550
2026/04/02,25,38558050,25792600,21987200,8.00,17.76,17.76,24.64,1.87,1.87,1.87,1.87,0.01,0.01,13110700,3189950,3046500,2125950
2026/04/02,26,38849300,25684850,21824050,6.95,16.27,16.27,22.68,2.93,2.93,2.93,2.93,0.01,0.01,13235400,3185800,3381300,2526450
2026/04/02,27,38743500,27110100,22666500,8.78,20.00,20.00,22.92,12.70,12.70,12.70,12.70,0.01,0.01,13317700,3219900,3677300,2593000
2026/04/02,28,38279100,26773300,22347100,9.73,21.45,21.45,22.62,12.70,12.70,12.70,12.70,0.02,0.01,13280900,3197600,3006700,2092150
2026/04/02,29,37715550,25931250,21553650,8.58,22.41,22.41,22.41,9.77,9.77,9.77,7.80,1.00,0.01,13218550,3256900,2291350,1553900
2026/04/02,30,36936750,25806500,21482650,9.81,22.41,22.41,22.41,13.00,13.00,13.00,8.64,2.90,0.01,13252350,3250150,2088450,1549650
2026/04/02,31,35758150,24860750,20865950,10.00,20.57,20.57,21.82,20.26,15.45,15.45,4.86,4.86,0.01,13213200,3501900,1222500,968850
2026/04/02,32,35213900,25094900,20536250,15.60,22.27,22.27,22.27,20.96,15.60,15.60,2.90,2.90,2.50,12993700,3614950,750900,481350
2026/04/02,33,34024700,26121200,21095800,17.93,23.24,23.24,23.24,20.98,14.91,14.91,8.39,8.39,8.39,12926800,3754100,843450,476500
2026/04/02,34,32588400,27082900,21478400,20.00,29.90,29.90,29.90,29.90,14.91,14.91,14.91,14.91,8.78,12784450,3734250,773850,385050
2026/04/02,35,32170950,27734700,20999600,20.06,24.36,24.36,24.36,24.36,14.91,14.91,9.03,9.03,9.03,13277850,4426550,849500,421850
2026/04/02,36,31707600,28430850,20575200,19.71,23.00,23.00,23.00,23.00,16.22,16.22,16.22,16.22,16.22,13102600,4356550,859350,430200
2026/04/02,37,30951000,28928650,20499500,21.65,23.48,23.48,23.48,23.48,18.44,18.44,18.44,18.44,18.44,12881950,4402500,859050,428800
2026/04/02,38,30858700,28942200,20592300,21.85,23.50,23.50,23.50,23.50,18.61,18.61,18.61,18.61,18.61,12876950,4365650,858650,427000
2026/04/02,39,30976100,28762800,20328450,22.28,26.08,26.08,26.08,26.08,18.08,18.08,18.08,18.08,18.08,13138800,4418550,959350,529750
2026/04/02,40,29985050,28408650,20127400,22.24,25.00,25.00,25.00,25.00,18.44,18.44,18.44,7.98,18.44,12926550,4434350,963400,526750
2026/04/02,41,29788750,28451300,19846150,22.14,24.20,24.20,24.20,24.20,17.95,17.95,17.95,7.74,17.95,12772050,4474850,958050,521250
2026/04/02,42,29711800,27935450,19661800,22.27,23.63,23.63,23.63,23.63,19.66,19.66,19.66,7.73,19.66,12671600,4375900,953350,518000
2026/04/02,43,29392850,27931550,19816400,22.50,25.81,25.81,30.00,30.00,19.00,19.00,19.00,7.93,19.00,12601450,4137800,837800,511500
2026/04/02,44,29442000,27314950,19607700,22.78,23.00,23.00,40.74,40.74,19.29,19.29,19.29,19.29,19.29,12773450,3988600,1024000,506650
2026/04/02,45,29516700,27029350,19610750,22.41,21.50,21.50,39.88,39.88,18.44,18.44,18.44,18.44,18.44,12502050,3717650,1004150,488050
2026/04/02,46,29529550,26160400,19580000,22.02,19.52,19.52,40.63,40.63,17.95,17.95,17.95,17.95,17.95,12505550,3734650,953800,439800
2026/04/02,47,28882800,25363200,19201150,22.02,30.00,30.00,30.00,30.00,18.60,18.60,18.60,18.60,18.60,12244200,3589850,846950,437700
2026/04/02,48,28336950,23923000,18400400,20.28,24.17,24.17,24.17,24.17,16.35,16.35,16.35,16.35,16.35,11609100,3307800,457800,331150
2026/04/03,1,26568200,22369350,17870350,20.06,23.39,23.39,23.39,23.39,15.60,15.60,15.60,6.93,15.60,8852300,2109450,1083250,752850
2026/04/03,2,27192800,21807250,17044450,19.07,22.27,22.27,22.27,22.50,12.00,12.00,12.00,6.93,12.00,9795300,2311450,1107150,751950
2026/04/03,3,27372200,19994850,16040700,13.00,15.00,15.00,15.00,22.33,10.50,10.50,10.50,6.51,10.50,9961350,2361100,1112550,751150
2026/04/03,4,27360200,21630550,16807350,18.49,21.85,21.85,21.85,22.39,11.50,11.50,11.50,6.93,11.50,10122800,2368550,1110000,751050
2026/04/03,5,27417550,21862750,16974650,19.44,22.85,22.85,22.85,22.85,12.00,12.00,12.00,6.95,12.00,10650800,2429900,1111700,751450
2026/04/03,6,27248550,22282400,17085800,20.06,23.57,23.57,23.57,23.57,16.14,16.14,16.14,6.95,16.14,10661050,2379750,1114000,753500
2026/04/03,7,27514850,23059750,17573000,20.52,24.00,24.00,24.00,24.00,17.99,17.99,17.99,6.95,17.99,10692000,2399250,1118150,762550
2026/04/03,8,27567450,23158850,17655000,20.68,24.46,24.46,24.46,24.46,18.44,18.44,18.44,6.95,18.44,10652050,2370650,1132850,782100
2026/04/03,9,27593750,23405650,17875300,21.00,31.03,31.03,31.03,31.03,18.00,18.00,18.00,6.95,18.00,10698100,2352850,1154350,809650
2026/04/03,10,27635550,23603200,17968600,21.03,31.80,31.80,31.80,31.80,18.44,18.44,18.44,6.95,18.44,10783400,2333800,1157200,810400
2026/04/03,11,27658000,24299000,18210150,22.79,38.71,38.71,38.71,38.71,18.61,18.61,18.61,6.95,18.61,10805800,2332550,1171100,811700
2026/04/03,12,27678100,24293500,18192750,23.22,30.00,38.11,38.11,38.11,18.08,18.08,18.08,6.94,18.08,10866100,2359050,891800,669100
2026/04/03,13,28571050,24591900,18981450,23.22,36.66,36.66,36.66,36.66,17.76,17.76,17.76,6.94,17.76,10936700,2380500,718750,566900
2026/04/03,14,29922100,24127700,19293050,20.52,19.90,19.90,24.43,24.43,16.00,16.00,16.00,6.95,16.00,11119650,2482750,693850,663100
2026/04/03,15,32156400,23331550,19059900,17.76,17.76,18.51,20.68,20.68,9.41,9.41,9.41,3.01,9.41,11744850,2553600,696250,696100
2026/04/03,16,34681600,22871800,19626550,9.12,15.00,13.78,17.93,20.34,8.58,8.58,8.58,0.02,8.58,12440600,2782150,721100,720950
2026/04/03,17,36676250,23854350,20769150,8.78,9.12,9.12,14.55,20.28,8.58,8.58,8.58,0.04,8.58,12724900,1966500,763550,763400
2026/04/03,18,38441050,23977550,21747550,7.86,7.01,7.01,12.45,12.45,8.39,8.39,8.39,0.01,8.39,12879050,1924050,958650,958500
2026/04/03,19,39952600,24066700,22462550,5.00,3.00,3.00,9.58,9.58,9.58,9.58,8.39,0.01,8.39,13351000,1988650,1515200,1515050
2026/04/03,20,41377200,25414950,23504400,5.51,2.05,2.05,14.55,14.00,14.00,14.00,1.01,0.01,1.01,13567350,1945450,2118550,2118400
2026/04/03,21,41972050,24401300,22815450,1.50,0.04,0.04,14.55,11.92,11.92,11.92,0.01,0.01,0.01,13732350,1786050,2245050,2231400
2026/04/03,22,42804150,24366200,23206500,1.00,0.01,0.01,11.08,9.90,9.90,9.90,0.01,0.01,0.01,13775700,1708200,2464650,2437500
2026/04/03,23,43230150,24392800,23493850,0.10,0.01,0.01,7.40,5.00,5.00,5.00,0.01,0.01,0.01,13681100,1705450,2812050,2784900
2026/04/03,24,43686550,24289650,23354650,0.01,0.01,0.01,3.00,3.00,3.00,3.00,1.00,0.01,0.01,13735750,1702700,3126700,2984050
2026/04/03,25,44173800,23765200,23065300,0.01,0.01,0.01,2.50,2.50,2.50,2.50,0.04,0.01,0.01,13864800,1703500,3564900,3306750
2026/04/03,26,44117650,23922900,22813500,0.01,0.01,0.01,3.00,3.00,3.00,3.00,0.01,0.01,0.01,13877450,1672750,3864500,3592350
2026/04/03,27,43151850,24876450,23275350,1.00,0.01,0.01,11.85,11.85,11.85,11.85,1.00,0.01,0.01,13899150,1701450,4019050,3746900
2026/04/03,28,42065750,24377400,22897550,2.00,0.01,0.01,11.09,11.09,11.09,11.09,3.16,0.01,0.01,13754800,1667900,3516950,3360300
2026/04/03,29,40827800,23095200,21964000,1.00,1.00,1.00,3.50,8.68,8.68,8.68,8.68,0.01,0.01,13661700,1848350,2919200,2892050
2026/04/03,30,39804600,22711400,21491200,2.85,1.00,1.00,9.90,9.90,9.90,9.90,9.22,0.01,0.50,13513250,1937050,2348600,2334950
2026/04/03,31,37742900,21969900,20128300,4.37,3.05,3.05,14.55,14.55,9.35,9.35,4.37,0.01,4.37,13360650,2019350,1394350,1394200
2026/04/03,32,36157450,22606000,19974300,10.18,5.00,5.00,19.48,19.48,16.07,16.07,8.39,0.01,8.39,13142750,2381750,937050,934650
2026/04/03,33,34546700,23722700,20539300,13.00,15.00,15.00,20.52,20.52,16.07,16.07,8.58,0.01,8.58,13030000,2858800,669550,665650
2026/04/03,34,32855000,24424950,19554050,17.93,17.76,21.78,21.78,21.78,16.22,16.22,8.78,0.02,8.78,12870350,2763300,418000,411750
2026/04/03,35,31305950,24862150,18709900,19.71,21.53,21.53,21.53,22.39,17.10,17.10,17.10,2.90,14.86,12829400,2843900,485700,415950
2026/04/03,36,31335100,25884200,19180400,21.53,31.22,31.22,31.22,31.22,20.06,20.06,20.06,6.93,17.66,12561350,2803700,488450,410650
2026/04/03,37,30937650,26908750,19328450,23.29,24.27,31.03,31.03,31.03,21.02,21.02,21.02,6.00,19.66,12489800,2977350,523500,408950
2026/04/03,38,31014450,27174850,19138200,22.10,24.27,24.27,24.27,24.27,24.27,24.27,24.27,6.93,18.60,12532350,2955850,527800,407350
2026/04/03,39,31327650,27213050,19676350,30.00,49.48,49.48,50.01,40.48,21.02,21.02,21.02,6.93,18.60,12938850,3059650,631450,510100
2026/04/03,40,31465600,26707900,19630450,27.00,45.00,45.01,50.00,37.64,20.29,20.29,20.29,6.93,17.66,13014750,3115150,605450,507100
2026/04/03,41,31043550,26157700,19356200,23.40,50.00,50.00,50.00,41.19,15.60,15.60,15.60,6.93,15.60,13383250,3492950,585000,502600
2026/04/03,42,30655600,25787400,19020850,23.99,42.00,42.00,42.00,39.67,16.07,16.07,16.07,6.95,16.07,13463150,3591350,575800,497350
2026/04/03,43,30787600,25221000,19041200,22.09,36.32,36.32,36.32,36.32,15.60,15.60,15.60,6.95,15.60,13441850,3534500,642250,480250
2026/04/03,44,30807850,24273550,17573100,19.66,20.52,20.52,20.52,30.00,16.07,16.07,16.07,6.95,16.07,13351100,3444550,794100,652000
2026/04/03,45,31667500,24143200,18027000,19.66,20.52,20.52,20.52,22.70,17.66,17.66,17.66,6.93,17.66,12894500,3130700,802300,656200
2026/04/03,46,31163250,23679400,17313950,19.44,20.00,20.00,20.00,21.57,17.66,17.66,17.66,6.93,17.66,12452350,2813450,795300,653600
2026/04/03,47,30429050,23554000,18388500,20.57,24.90,24.90,24.90,24.90,17.66,17.66,17.66,6.93,17.66,12068600,2632150,797550,651300
2026/04/03,48,29807500,22319250,17820050,20.26,24.30,24.30,24.30,24.30,14.86,14.86,14.86,6.93,14.86,11413900,2305100,538750,364000
2026/04/04,1,25618550,21787300,17305800,17.88,19.95,20.94,20.94,20.94,12.00,12.00,12.00,6.86,12.00,7673950,1917250,924550,895200
2026/04/04,2,26133600,21258000,16514150,17.35,21.40,21.40,21.40,22.00,10.90,10.90,10.90,6.86,10.90,9213700,2048000,995850,894300
2026/04/04,3,26560850,20959750,16106950,17.01,20.20,20.20,20.20,23.50,9.03,9.03,9.03,6.86,9.03,9463650,1988650,1019850,894000
2026/04/04,4,26568050,20781100,16030300,17.15,18.52,18.52,19.90,22.18,9.08,9.08,9.08,6.86,9.08,9484750,1976000,1016950,894150
2026/04/04,5,26556200,20902200,16128400,17.15,20.00,20.00,20.00,23.50,10.90,10.90,10.90,6.86,10.90,9354950,1971900,1034900,911350
2026/04/04,6,26443350,21201900,16329450,17.90,20.02,20.02,20.02,23.80,12.30,12.30,12.30,6.91,12.30,9171700,1881900,1034500,917000
2026/04/04,7,26601900,21520250,16518100,18.07,20.00,20.00,20.00,25.01,14.57,14.57,14.57,6.86,14.57,9239750,1859800,1136950,920650
2026/04/04,8,26677050,21802250,16520950,18.46,19.71,19.71,20.00,30.00,15.15,15.15,15.15,6.86,15.15,9281200,1808000,1232500,919800
2026/04/04,9,26849800,22237350,16769650,18.67,19.71,19.71,20.15,32.99,15.56,15.56,15.56,6.86,15.56,9345800,1793550,1235900,917750
2026/04/04,10,26931200,22300100,16808350,18.73,19.71,19.71,20.58,29.00,15.29,15.29,15.29,6.86,15.29,9398750,1793700,1336050,915150
2026/04/04,11,26211400,21592100,16074250,18.82,19.96,19.96,20.57,29.00,15.15,15.15,15.15,6.86,15.15,9301100,1795350,1328000,955700
2026/04/04,12,26527750,20894950,15792450,18.25,19.95,19.95,20.00,22.21,10.90,10.90,10.90,6.86,10.90,9330900,1807550,964400,590700
2026/04/04,13,27212500,20231750,15521450,17.15,16.90,16.90,19.32,20.46,10.90,10.90,10.90,6.86,10.90,9468700,1676450,932950,455450
2026/04/04,14,28003650,19871750,15319300,15.01,15.12,15.12,17.90,19.94,9.30,9.30,9.30,6.86,9.30,9790400,1732050,836250,384400
2026/04/04,15,28949700,20995550,16425200,16.54,10.46,10.46,19.98,19.98,9.30,9.30,9.30,6.86,9.30,10144450,1738550,799300,379200
2026/04/04,16,29506100,20924750,16433550,14.60,5.00,5.00,19.02,19.02,9.30,9.30,9.30,6.86,9.30,10290450,1777300,856800,422700
2026/04/04,17,29831650,21787200,17353550,16.00,5.00,5.00,20.05,20.05,10.90,10.90,10.90,6.89,10.90,10472100,1958400,1087050,644550
2026/04/04,18,30238050,22720500,17996900,17.15,3.05,3.05,21.16,21.16,15.01,15.01,15.01,6.88,10.90,10741500,1895850,1354550,898550
2026/04/04,19,30195800,23357400,18115300,17.23,5.00,5.00,21.78,21.78,17.22,17.22,17.22,6.95,10.90,10760150,1876350,1658650,1126900
2026/04/04,20,30449500,23769450,18412750,17.23,4.37,4.37,25.00,25.00,17.22,17.22,17.22,6.93,10.90,10863450,1884550,1740600,1173850
2026/04/04,21,30366800,22923150,17675900,15.01,5.33,5.33,20.06,21.38,16.76,16.76,16.76,6.93,15.29,11143700,1988700,1861850,1260100
2026/04/04,22,30458800,24449900,18958650,17.90,6.50,6.50,30.72,30.72,16.00,16.00,16.00,6.69,12.00,11322050,2066700,1910700,1273950
2026/04/04,23,30510250,23753850,18008500,15.15,9.18,9.18,21.29,22.02,15.01,15.01,15.01,6.67,9.03,11329400,2092650,2548400,1246150
2026/04/04,24,30365700,25496550,18806100,17.68,12.28,12.28,33.06,33.06,14.57,14.57,14.57,6.00,8.84,11342500,2099250,3214350,1223600
2026/04/04,25,30327400,25018800,18641550,17.15,9.18,9.18,32.42,32.42,14.43,14.43,14.43,6.00,9.03,11393650,1910450,3077500,1067000
2026/04/04,26,30438050,23881150,18195800,16.86,9.18,13.09,28.76,28.76,9.15,9.15,9.15,2.50,9.03,11465550,1917800,2482500,1000500
2026/04/04,27,30343150,23343000,18339050,17.15,10.95,14.04,29.11,29.11,13.00,13.00,13.00,2.19,9.03,11483750,1919300,1835600,1054600
2026/04/04,28,30241200,22392800,17508050,15.01,12.77,12.77,21.69,21.69,14.00,14.00,14.00,2.05,8.84,11442700,1937450,1645400,990900
2026/04/04,29,30142000,23198950,18237750,17.22,15.00,15.00,29.47,29.47,12.00,12.00,12.00,2.05,8.84,11416150,1962900,1640250,967900
2026/04/04,30,29981050,22748000,17911450,17.15,16.32,16.32,28.76,28.76,9.15,9.15,9.15,1.00,9.03,11434500,1974400,1497250,954300
2026/04/04,31,29743600,21950550,17821900,17.88,17.50,17.50,32.60,32.60,8.61,8.61,8.61,0.02,8.61,11424800,1970350,1012350,708450
2026/04/04,32,29526700,22683700,17580100,18.30,18.31,18.31,35.83,34.57,8.61,8.61,8.61,1.00,8.61,11378050,1944950,707650,523400
2026/04/04,33,29031050,22368550,17520200,17.54,19.08,19.08,33.11,33.11,9.03,9.03,9.03,2.05,9.03,11139750,2099750,486800,420100
2026/04/04,34,29078050,21943200,17162800,17.22,19.62,19.62,29.11,29.11,9.03,9.03,9.03,6.50,9.03,11025800,2060250,475100,392450
2026/04/04,35,29131700,22461300,17650750,17.94,18.83,18.83,29.47,29.47,12.50,12.50,12.50,6.01,12.50,11094800,2120550,452050,338350
2026/04/04,36,29031300,23201850,17462350,18.14,19.75,19.75,28.41,28.41,15.29,15.29,15.29,6.88,15.29,11033800,2121550,473100,352550
2026/04/04,37,29109800,23249550,17036600,18.02,19.50,19.50,21.00,21.00,18.60,18.60,18.60,6.89,18.60,11046100,2107100,459600,352600
2026/04/04,38,29108300,23389200,16964350,18.01,18.50,18.50,20.70,20.70,18.73,18.73,18.73,6.95,18.73,10953200,1979450,461500,351550
2026/04/04,39,29355450,23355300,16771850,18.02,18.49,18.49,19.79,19.79,18.73,18.73,18.73,6.95,18.73,11205950,1979500,569050,492850
2026/04/04,40,29358350,23144200,16690700,17.98,18.29,18.29,20.00,20.00,18.00,18.00,18.00,6.86,18.00,11291250,1975200,545150,486400
2026/04/04,41,29160700,22794750,16646650,17.38,16.54,16.54,20.81,20.81,15.15,15.15,15.15,6.86,15.15,11207500,1974050,522900,483700
2026/04/04,42,29362200,22495550,16490700,17.15,16.34,16.34,20.43,20.43,14.57,14.57,14.57,6.86,14.57,11359300,1986300,517750,478500
2026/04/04,43,29286450,21938350,16331800,16.88,16.66,16.66,19.96,19.96,14.57,14.57,14.57,6.86,14.57,11391950,1983800,483350,445750
2026/04/04,44,29547400,21523150,16148300,16.34,16.68,16.68,18.64,18.64,14.57,14.57,14.57,6.86,14.57,11579700,1971400,651450,614200
2026/04/04,45,30602150,20913150,16141700,13.89,16.83,16.83,17.93,17.93,15.01,15.01,15.01,6.86,15.01,11558450,1913600,644550,608250
2026/04/04,46,30491200,20798900,15739100,12.00,16.77,16.77,17.15,17.15,15.01,15.01,15.01,6.86,15.01,11606300,1893050,640550,606450
2026/04/04,47,29809800,20091650,15256000,11.08,15.78,15.78,15.78,15.78,14.57,14.57,14.57,6.86,14.57,11410550,1889650,636200,605500
2026/04/04,48,29474600,19523400,15086900,11.00,16.60,16.60,17.54,17.54,9.00,9.00,9.00,6.86,9.00,11150500,1887250,370100,341200
2026/04/05,1,26480750,17649450,14632500,13.79,18.21,18.21,18.68,18.68,9.03,9.03,9.03,6.93,9.03,8501200,869050,680300,580300
2026/04/05,2,27579100,17342850,13990450,11.81,17.93,17.93,18.61,18.61,8.65,8.65,8.65,6.93,8.65,10049600,923500,624950,500950
2026/04/05,3,27689650,17164400,13738100,10.01,17.89,17.89,18.73,18.73,8.61,8.61,8.61,6.93,8.61,10526800,936800,715650,473150
2026/04/05,4,27718600,17326600,13724200,11.63,18.14,18.14,18.71,18.71,8.61,8.61,8.61,6.93,8.61,10631800,959700,846850,501850
2026/04/05,5,27571300,17446350,14030550,12.01,18.96,18.96,18.96,18.96,8.65,8.65,8.65,6.95,8.65,10594350,982150,956500,584000
2026/04/05,6,27563200,17905750,14343550,14.66,19.50,19.50,19.50,19.50,9.15,9.15,9.15,7.80,9.15,10626300,978300,1169550,683550
2026/04/05,7,27723800,18533550,14887700,15.94,18.34,18.34,20.00,20.00,12.00,12.00,12.00,7.80,12.00,10759950,982350,1251250,764250
2026/04/05,8,27797900,18521400,14856400,15.94,18.95,18.95,19.34,19.34,13.51,13.51,13.51,7.83,13.51,10763800,981800,1250050,763550
2026/04/05,9,27819900,19131750,14738950,15.94,18.92,18.92,18.92,18.92,13.00,13.00,13.00,8.00,13.00,10824650,1134550,1250600,762600
2026/04/05,10,28037600,19542300,15013700,15.94,19.71,19.71,19.71,19.71,9.24,9.24,9.24,8.00,9.24,10891950,1134300,1118950,629450
2026/04/05,11,27815050,19089200,14314900,17.00,19.10,19.10,19.10,19.10,12.00,12.00,12.00,8.00,12.00,11061500,1134200,935550,477550
2026/04/05,12,28103300,18549400,13832300,15.01,18.43,18.43,18.74,18.74,9.04,9.03,9.03,7.83,9.03,11329550,1135200,805600,358100
2026/04/05,13,28983150,18020850,13577450,13.50,15.00,15.00,17.35,17.35,14.00,14.00,14.00,7.81,14.00,11769900,937550,793900,364900
2026/04/05,14,30403000,17054950,13440050,10.00,10.93,10.93,13.05,13.05,9.03,9.03,9.03,6.93,9.03,12136150,943700,702950,402950
2026/04/05,15,32122400,16777800,14015700,8.00,9.18,8.61,10.54,10.54,8.40,8.40,8.40,0.10,8.40,12637450,919900,836500,636500
2026/04/05,16,33528350,18476150,15220700,8.40,8.30,8.30,18.18,4.50,4.50,4.50,4.50,0.01,4.50,13077800,910850,1224350,1124350
2026/04/05,17,34993850,18995800,16375850,7.63,9.18,8.33,19.08,2.70,2.70,0.01,0.01,0.01,0.01,13441850,924300,1846300,1832900
2026/04/05,18,37101400,18662900,16705900,2.00,5.00,5.00,17.18,0.01,0.01,0.01,0.01,0.01,0.01,14175400,975600,1930500,1903600
2026/04/05,19,38594200,19881950,17840050,2.01,2.95,2.95,15.78,0.01,0.01,0.01,0.01,0.01,0.01,14293450,883300,2876400,2849500
2026/04/05,20,40367750,20226950,18534600,0.50,0.01,0.01,15.34,0.67,0.67,0.67,0.67,0.01,0.01,14412350,861500,3422150,3395250
2026/04/05,21,41578050,19885650,18290200,0.01,0.01,0.01,15.34,0.01,0.01,0.01,0.01,0.01,0.01,14701250,937400,3378450,3351550
2026/04/05,22,42568400,19403200,17985900,0.01,0.01,0.01,15.00,0.01,0.01,0.01,0.01,0.01,0.01,14791400,898400,3184300,3157400
2026/04/05,23,43261850,19117400,18042050,0.01,0.01,0.01,12.06,0.01,0.01,0.01,0.01,0.01,0.01,14832600,903300,3097950,3071050
2026/04/05,24,43446900,19065350,17779500,0.01,0.01,0.01,15.00,0.01,0.01,0.01,0.01,0.01,0.01,14850950,905500,2998800,2971900
2026/04/05,25,43486600,19155700,17617350,0.01,0.01,0.01,15.34,0.01,0.01,0.01,0.01,0.01,0.01,14876100,892700,2967100,2940200
2026/04/05,26,43317350,19128900,17371950,0.01,0.01,0.01,15.34,0.01,0.01,0.01,0.01,0.01,0.01,14974650,887950,2923900,2897000
2026/04/05,27,42776700,17475300,17128400,0.01,0.01,0.01,9.92,0.01,0.01,0.01,0.01,0.01,0.01,15031600,922050,2934800,2907900
2026/04/05,28,42058400,17674800,17203300,0.01,0.01,0.01,9.67,0.01,0.01,0.01,0.01,0.01,0.01,15159500,1040150,2967250,2940350
2026/04/05,29,41059300,17893550,17566750,0.01,1.00,1.00,6.59,0.01,0.01,0.01,0.01,0.01,0.01,15128000,1057550,3123950,3097050
2026/04/05,30,39724600,18157450,17401100,0.01,2.95,2.95,10.62,0.50,0.50,0.50,0.50,0.01,0.01,15009550,1080350,3164050,3150650
2026/04/05,31,38022400,18019350,16729050,1.00,6.92,6.92,13.51,2.48,0.02,0.01,0.01,0.01,0.01,14942600,1144250,2627750,2626750
2026/04/05,32,36342200,17283400,15631150,2.05,7.04,7.04,13.64,2.70,0.01,0.01,0.01,0.01,0.01,14809850,1705900,1630650,1527650
2026/04/05,33,34487450,17937600,15604200,2.70,9.18,9.18,17.50,2.70,0.01,0.01,0.01,0.01,0.01,14506050,1916100,1086450,858850
2026/04/05,34,32106700,19964900,16262950,11.22,16.74,16.74,28.94,11.51,0.81,0.81,0.81,0.81,0.81,13767850,1941750,864800,558200
2026/04/05,35,31069000,19808850,15530600,14.09,17.45,17.45,21.27,18.00,7.23,7.23,7.23,6.93,7.23,13365200,1927700,772550,477450
2026/04/05,36,31178400,20723450,16201250,17.21,21.28,21.28,28.41,21.97,9.03,9.03,9.03,6.93,9.03,13072550,1880500,699150,488900
2026/04/05,37,30797000,21631750,16924250,18.50,21.50,21.50,28.94,14.36,14.36,14.36,14.36,7.81,14.36,13108000,2189600,559750,440300
2026/04/05,38,30079400,22502300,17045650,19.66,21.79,21.79,35.00,22.37,14.49,14.49,14.49,8.00,14.49,12935350,2179300,493650,389700
2026/04/05,39,30354600,22496250,16993600,19.66,21.34,21.34,30.00,22.00,14.43,14.43,14.43,8.00,14.43,13137950,2197550,462050,336800
2026/04/05,40,30582450,21962200,16874550,18.73,20.74,20.74,29.29,20.25,14.57,14.57,14.57,8.00,14.57,13218500,2201900,622650,498400
2026/04/05,41,30608700,21764000,16777800,18.50,20.73,20.73,28.23,22.00,14.36,14.36,14.36,8.00,14.36,13240350,2210450,914250,781500
2026/04/05,42,30471750,21661000,16644950,18.25,20.00,20.00,28.41,21.74,12.00,12.00,12.00,7.81,12.00,13118150,2219000,902050,778800
2026/04/05,43,30070950,21629400,16479450,18.60,21.00,21.00,28.94,28.52,14.00,14.00,14.00,7.81,14.00,13191450,2196150,902800,773700
2026/04/05,44,30171150,21140700,16001750,17.93,19.50,19.50,25.00,25.00,13.68,13.68,13.68,7.81,13.68,13331600,2158100,970550,866450
2026/04/05,45,31316100,20365900,16113600,17.18,19.18,19.18,21.08,19.03,14.36,14.36,14.36,7.81,14.36,13140650,2016500,945700,912700
2026/04/05,46,31348150,20112300,15939150,16.69,19.22,19.22,21.50,18.46,9.47,9.47,9.47,6.95,9.47,13156800,2018050,885050,850550
2026/04/05,47,30686700,19631850,15495400,16.76,19.30,19.30,20.70,19.03,9.52,9.52,9.52,6.95,9.52,12925550,1967350,879400,831400
2026/04/05,48,30112550,18603250,14867500,14.87,16.83,16.83,19.03,19.03,8.40,8.40,8.40,6.93,8.40,12124850,1984900,537450,473450
2026/04/06,1,26829200,18015450,14159700,13.53,13.53,13.53,18.72,18.72,8.61,8.61,8.61,6.84,8.61,8454800,852050,569300,467250
2026/04/06,2,27477800,17844000,13908000,11.09,13.33,13.33,18.53,18.53,8.61,8.61,8.61,6.84,8.61,9337850,968600,562150,460100
2026/04/06,3,27773400,17813950,13877350,11.78,16.54,16.54,18.00,18.00,8.61,8.61,8.61,6.84,8.61,9725950,1046650,637850,535800
2026/04/06,4,27833600,17812450,14086650,11.77,17.88,17.88,17.88,17.88,8.61,8.61,8.61,6.84,8.61,9883200,1132100,645950,520900
2026/04/06,5,27858150,17847650,14012150,11.82,18.07,18.07,18.07,18.07,8.40,8.40,8.40,6.93,8.40,10161350,1195900,618750,471700
2026/04/06,6,27602450,18257750,14345300,13.00,18.66,18.66,18.66,18.66,8.61,8.61,8.61,7.11,8.61,10125450,1258850,735400,561850
2026/04/06,7,27629150,18914150,14763450,15.00,19.08,19.08,19.08,19.08,8.84,8.84,8.84,8.39,8.84,10522300,1334400,844950,647400
2026/04/06,8,27631550,19365400,15011350,16.32,19.35,19.35,19.35,19.35,8.84,8.84,8.84,8.39,8.84,10655400,1395950,903550,707500
2026/04/06,9,27802800,19402100,15032250,16.69,19.72,19.72,19.72,19.72,8.65,8.65,8.65,8.39,8.65,10752350,1457650,812300,616250
2026/04/06,10,28394900,19493400,15436200,15.78,19.39,19.39,19.39,19.39,8.61,8.61,8.61,8.53,8.61,10881850,1519200,663250,499700
2026/04/06,11,28590350,19983450,15597200,16.69,20.00,20.00,20.00,20.00,8.61,8.61,8.61,8.53,8.61,11212600,1564100,723350,580800
2026/04/06,12,28851250,20054000,15503900,16.20,20.30,20.30,20.30,20.30,8.61,8.61,8.61,8.51,8.61,11576200,1625450,510800,345250
2026/04/06,13,29765400,20124550,16003400,15.20,19.61,19.61,19.61,19.61,8.61,8.61,8.61,8.40,8.61,11824250,1725150,490650,323800
2026/04/06,14,31310900,19783150,16424400,11.00,16.86,16.86,18.61,18.61,8.40,8.40,8.40,6.90,8.40,12264000,1848000,505600,374750
2026/04/06,15,33495000,19819600,17189650,9.03,16.86,16.86,17.88,17.88,7.89,7.89,7.89,6.84,7.89,12930600,1861850,627450,612050
2026/04/06,16,34791850,20334500,18130150,7.76,9.18,7.76,17.15,17.15,6.00,6.00,6.00,2.95,6.00,13129150,1845900,711700,696300
2026/04/06,17,35973650,21242050,19296200,7.23,7.75,7.75,13.00,13.00,5.90,5.90,5.90,0.02,5.90,13067000,1590350,966850,953400
2026/04/06,18,37420200,22022750,20253000,5.00,7.62,7.62,11.79,11.79,7.61,7.61,7.61,0.02,7.61,13325900,1567400,1556550,1529600
2026/04/06,19,38689400,22716050,21042350,3.50,4.00,4.00,7.60,7.60,7.60,7.60,7.60,1.00,7.60,13633600,1572450,2190650,2163700
2026/04/06,20,39726300,22767000,21532400,1.95,2.05,2.05,4.00,4.00,4.00,4.00,4.00,1.00,4.00,13919800,1613550,2385900,2358950
2026/04/06,21,40164150,22414850,21473550,1.00,1.00,1.00,2.50,2.50,2.50,2.50,2.50,0.01,2.50,14003000,1621750,2687100,2660150
2026/04/06,22,40556200,22600100,21551050,1.00,0.01,0.01,1.50,3.00,3.00,3.00,3.00,0.01,3.00,14040150,1624400,3081100,3054150
2026/04/06,23,40954200,23647950,22013400,1.95,0.01,0.01,8.00,8.00,8.00,8.00,8.00,0.01,8.00,14138050,1624050,3502400,3359950
2026/04/06,24,41476350,24886200,22414100,5.00,0.01,0.01,17.16,11.83,11.83,11.83,11.83,0.01,8.25,14206350,1626800,3643600,3385650
2026/04/06,25,41527650,23531050,21823250,1.14,0.01,0.01,17.16,2.50,2.50,2.50,2.50,0.01,2.50,14443600,1755300,3658600,3386650
2026/04/06,26,41082750,21816350,21075850,0.02,0.01,0.01,1.95,1.95,1.95,1.95,1.95,0.01,1.95,14459550,1712350,3326300,3169850
2026/04/06,27,40332800,22849500,21181050,2.05,0.10,0.10,16.47,7.36,7.36,7.36,7.36,0.01,7.36,14444600,1785950,2408150,2376200
2026/04/06,28,38914950,23116950,20682600,7.58,3.00,3.00,17.46,11.53,11.53,11.53,8.40,0.01,8.40,14318150,1808450,1984750,1952800
2026/04/06,29,37654900,23385650,20161800,7.97,5.00,5.00,18.29,18.29,15.15,15.15,8.61,0.01,8.61,14266150,1950550,1835800,1801600
2026/04/06,30,36385550,23389950,19798600,8.84,7.59,7.59,19.48,18.89,9.60,9.60,8.61,0.01,8.61,14042750,2085750,1359750,1339050
2026/04/06,31,35226000,23298050,19634500,12.63,7.70,7.70,20.50,19.09,9.60,9.60,9.60,0.01,8.84,13752550,2337900,844250,836950
2026/04/06,32,34085400,23839700,20071100,17.38,16.54,20.00,20.89,19.03,12.00,12.00,12.00,2.90,12.00,13394250,2948900,625450,618150
2026/04/06,33,32069750,24985950,20143300,18.00,18.75,21.14,28.23,28.23,9.62,9.62,9.03,6.84,9.03,13069200,3467150,518500,373850
2026/04/06,34,31596900,25407900,20385400,19.66,27.55,27.55,30.00,30.00,14.43,14.43,14.43,6.94,14.43,12917300,3512850,517900,368750
2026/04/06,35,30801650,25454150,19776450,20.00,32.53,32.53,36.00,36.00,15.59,15.59,15.59,8.40,15.59,12746500,3526000,489050,355450
2026/04/06,36,30149950,25974200,19631450,22.00,35.00,35.00,38.72,38.72,15.94,15.94,15.94,8.51,15.94,12669850,3621050,489800,350700
2026/04/06,37,30177500,26532350,19561400,23.50,25.00,37.12,37.12,37.12,16.00,16.00,16.00,8.64,16.00,12723850,3587400,521250,348850
2026/04/06,38,30693850,26691350,20161200,21.52,24.53,37.97,37.97,37.97,15.94,15.94,15.94,8.65,15.94,13280350,4162100,531050,347650
2026/04/06,39,31155150,26264350,20220450,20.38,24.53,29.11,29.11,29.11,15.94,15.94,15.94,8.51,15.94,13425100,4218600,541950,344750
2026/04/06,40,30904200,25549250,19436350,20.01,25.00,26.18,26.18,26.18,15.94,15.94,15.94,8.47,15.94,13151750,3846250,540850,341150
2026/04/06,41,30681100,25019550,19107600,20.00,26.18,26.18,26.18,26.18,15.94,15.94,15.94,8.39,15.94,13188150,3834300,539050,337300
2026/04/06,42,31011000,24393950,18910300,18.94,25.01,25.01,25.01,22.12,14.57,14.57,14.57,8.40,14.57,13428800,4022400,514250,334000
2026/04/06,43,30724600,23797550,18486150,18.69,25.00,25.00,25.00,25.00,10.45,10.45,10.45,8.40,10.45,13276850,3866050,481850,329050
2026/04/06,44,30139600,23170550,17844450,18.62,21.40,22.70,22.70,22.70,14.36,14.36,14.36,8.37,14.36,12960900,3391650,548300,417000
2026/04/06,45,30911750,22390700,17943950,18.29,20.50,20.50,20.50,20.50,12.00,12.00,12.00,8.39,12.00,12809350,3269350,568350,422050
2026/04/06,46,30915050,21992750,17687050,17.88,20.00,20.00,20.00,20.00,9.60,9.60,9.60,8.39,9.60,12790700,3306850,575600,406800
2026/04/06,47,30248100,21281300,17440800,17.15,19.37,19.37,19.37,19.37,10.19,10.19,10.19,8.39,10.19,12337900,3280800,560150,371800
2026/04/06,48,29842500,20949800,17072500,16.88,19.51,19.51,19.51,19.51,8.84,8.84,8.84,6.92,8.84,11857850,3246100,508350,322350
2026/04/07,1,25889900,21477150,17114650,17.38,18.61,18.61,18.61,18.61,16.76,16.76,16.76,8.39,16.76,7399300,2975550,1011550,895050
2026/04/07,2,26899500,21262400,17205200,15.04,18.05,18.05,18.05,18.05,9.43,9.43,9.43,6.93,9.43,8875450,3615250,1010750,893750
2026/04/07,3,27264300,21017600,17078650,14.43,17.80,17.80,17.80,17.80,9.03,9.03,9.03,6.93,9.03,9340750,3802650,1027100,893600
2026/04/07,4,27317050,20964200,17596450,14.57,17.23,17.23,17.23,17.23,9.03,9.03,9.03,8.39,9.03,10038350,4239400,1026350,893850
2026/04/07,5,27373350,21165050,17920400,15.00,17.15,17.15,17.15,17.15,8.84,8.84,8.84,8.39,8.84,10511100,4578900,1153800,946800
2026/04/07,6,27250550,21701050,18090600,16.54,18.05,18.05,18.05,18.05,10.19,10.19,10.19,8.39,10.19,10482700,4454700,1265100,963100
2026/04/07,7,27329950,22215300,18280200,17.22,18.06,18.06,18.06,18.06,14.79,14.79,14.79,8.40,14.79,10365250,4384800,1391800,974300
2026/04/07,8,27648050,22347700,18440100,17.38,18.06,18.06,18.06,18.06,15.01,15.01,15.01,8.49,15.01,10476500,4355650,1377850,962850
2026/04/07,9,27672550,22673050,18364550,18.34,18.58,18.58,18.58,18.58,15.15,15.15,15.15,8.51,15.15,10499700,4351600,1384200,925200
2026/04/07,10,27692550,22927950,18459950,18.55,18.71,18.71,18.71,18.71,15.15,15.15,15.15,8.51,15.15,10498900,4339250,1381750,925250
2026/04/07,11,27822050,23292500,18656900,18.82,18.97,18.97,18.97,18.97,16.76,16.76,16.76,8.51,16.76,10509950,4351400,1337400,898400
2026/04/07,12,27875550,23137000,18655000,18.88,18.88,18.88,18.88,18.88,15.15,15.15,15.15,6.92,15.15,10556700,4392250,1030050,613050
2026/04/07,13,28530750,23305950,19039400,18.89,18.96,18.96,18.96,18.96,15.01,15.01,15.01,6.86,15.01,10841150,4515750,830900,426250
2026/04/07,14,28820850,23650000,19455150,19.02,19.10,19.10,19.10,19.10,14.57,14.57,14.57,6.66,14.57,11064200,4613550,729850,325200
2026/04/07,15,29271950,24260600,19200150,19.57,19.99,19.99,19.99,19.99,15.01,15.01,15.01,6.90,9.03,11360200,4656500,750500,330650
2026/04/07,16,30036300,25214150,19582100,20.06,20.00,20.00,20.19,20.19,17.38,17.38,17.38,6.92,8.61,11433250,4641450,827950,336600
2026/04/07,17,30944500,26655850,20795150,20.80,19.40,19.40,21.00,21.00,21.00,21.00,21.00,8.40,9.03,11377700,4228450,1038000,339250
2026/04/07,18,31570500,28995750,21685650,22.00,19.96,21.23,23.00,23.00,22.50,22.50,22.50,8.64,8.84,11611950,4217550,1416300,348550
2026/04/07,19,32164400,29541100,20954250,19.36,19.25,19.25,19.25,22.02,22.02,22.02,19.99,15.00,8.61,11937500,4270350,1788950,358200
2026/04/07,20,33035000,30153100,23079800,20.98,18.43,18.43,30.00,30.00,30.00,30.00,9.78,9.78,2.95,12246150,4466800,1794700,363450
2026/04/07,21,33352450,30110800,23135450,20.00,18.00,18.00,35.00,35.00,35.00,35.00,10.95,10.95,0.01,12503500,4408400,2286050,796800
2026/04/07,22,34155250,30307000,23324300,18.94,15.84,15.84,30.00,30.00,30.00,30.00,20.00,14.00,0.01,12715900,4418150,2627700,1050950
2026/04/07,23,34445500,30672100,23263050,18.73,14.76,14.76,31.50,31.50,31.50,31.50,9.05,9.05,0.01,12646600,4304950,3219750,1155000
2026/04/07,24,34855550,30834350,23352000,18.22,13.91,13.91,35.00,35.00,35.00,35.00,8.53,8.53,0.01,12434850,4096800,3559950,1127200
2026/04/07,25,35189550,29591700,22373650,16.00,12.64,12.64,28.23,28.23,28.23,28.23,6.93,6.93,0.01,12560200,4036300,3442700,1088200
2026/04/07,26,35555650,28803700,22402950,15.01,12.39,12.39,25.84,25.84,25.84,25.84,4.18,4.18,0.01,12603350,4098000,2994900,1075400
2026/04/07,27,35441600,29401500,22944800,17.15,16.34,16.34,28.94,28.94,28.94,28.94,4.66,4.66,0.01,12411650,4064750,2705750,1164250
2026/04/07,28,35446150,29561850,23517300,17.38,16.32,16.32,29.45,29.45,29.45,29.45,8.01,2.05,0.01,12387250,4072200,2799950,1295950
2026/04/07,29,35407600,29497750,23428250,17.23,16.32,16.32,29.01,29.01,29.01,29.01,8.65,0.02,0.01,12347150,4137750,2811250,1288250
2026/04/07,30,34831350,28490300,22803700,17.38,16.54,18.50,29.01,23.80,23.80,23.80,0.02,0.02,0.01,12205450,4218650,2254350,840350
2026/04/07,31,33844550,27448200,22227900,18.05,16.54,18.79,29.01,21.42,21.42,21.42,0.01,0.01,0.01,12133450,4345550,1489450,458800
2026/04/07,32,33275250,27366150,22024400,18.94,17.89,19.02,27.50,23.80,23.80,23.80,2.05,2.05,2.05,12070250,4371500,1038900,374150
2026/04/07,33,31865150,27337150,21343950,19.53,19.09,20.64,22.00,22.00,22.00,22.00,8.25,6.93,8.25,12028350,4833100,832600,367650
2026/04/07,34,31156500,27820200,21774400,21.79,18.77,21.79,29.47,29.47,29.47,29.47,8.61,6.93,8.61,11862800,4799850,783650,363700
2026/04/07,35,30650450,27848200,21394450,21.38,19.04,20.59,27.50,27.50,27.50,27.50,20.00,6.84,9.03,11884000,4917700,788700,357300
2026/04/07,36,29814700,28461850,21242200,29.01,19.43,21.23,29.01,35.84,35.84,35.84,26.77,8.40,19.66,11631550,4779250,783250,351900
2026/04/07,37,29430200,29095050,21452900,35.00,19.92,21.49,30.00,37.54,37.54,37.54,37.54,6.87,22.00,11510000,4701400,787100,349600
2026/04/07,38,29432650,29562350,21200150,30.78,19.80,21.46,29.01,36.63,36.63,36.63,36.63,6.84,20.43,11508100,4695050,690600,348600
2026/04/07,39,29614400,29451800,21322850,30.00,18.55,21.79,29.01,37.13,37.13,37.13,36.00,8.39,23.50,11628500,4881350,703000,346750
2026/04/07,40,29694600,28286750,20410100,21.79,19.00,19.37,19.37,26.78,26.78,26.78,26.78,6.93,20.35,11752900,4943900,696000,344250
2026/04/07,41,29613050,28398600,20897150,29.01,18.26,21.79,28.58,28.58,28.58,28.58,26.77,6.93,22.00,11900850,5007650,583000,340700
2026/04/07,42,29848900,27978400,20366700,22.00,18.24,20.14,20.14,22.84,22.84,22.84,20.70,6.93,19.66,12107050,5190350,579900,337600
2026/04/07,43,29972700,27463500,20132400,22.12,18.02,20.46,20.46,21.14,19.66,19.66,19.66,6.92,19.66,12346200,5233100,572500,332200
2026/04/07,44,29889900,26832900,19833800,21.79,16.54,20.95,20.95,20.95,19.99,19.99,19.99,6.92,19.66,12367900,5191650,748900,326650
2026/04/07,45,30595850,26604150,20801150,22.23,16.54,21.40,21.40,21.40,20.00,20.00,20.00,6.94,19.66,12264950,5098000,736450,320650
2026/04/07,46,30042250,25776300,19956100,20.75,17.79,20.00,20.92,20.92,20.92,20.92,20.92,6.93,19.66,11782350,4600550,741250,318450
2026/04/07,47,29528550,25365900,19645050,20.48,20.00,20.48,20.48,20.48,20.48,20.48,20.48,6.94,19.66,11525150,4603900,621250,315750
2026/04/07,48,29146000,24171500,19352150,19.66,19.41,19.41,19.94,19.94,19.94,19.94,19.94,8.39,19.66,11482050,4671050,375900,314400
